name,city,state,type,established_year,nirf_ranking,naac_grade,courses_offered,faculty_count,student_faculty_ratio,avg_annual_fee,hostel_fee,scholarship_available,placement_rate,avg_package_lpa,highest_package_lpa,companies_visiting,campus_area_acres,has_library,has_hostel,has_sports,has_wifi,has_lab,has_hospital,acceptance_rate,entrance_exams_accepted,total_intake
Indian Institute of Technology Bombay,Mumbai,Maharashtra,Government,1958,,A++,188,289,3.5,98810,44592,False,65.6,,,588,221.9,True,True,False,False,True,True,30.7,JEE Advanced,1000
Indian Institute of Technology Delhi,New Delhi,Delhi,Government,1961,98,A++,106,278,4.0,35379,58221,True,87.0,8.37,23.64,382,1511.3,False,True,False,True,False,True,56.9,JEE Advanced,1100
Indian Institute of Technology Madras,Chennai,Tamil Nadu,Government,1959,39,A++,105,838,1.1,28238,79823,True,71.4,11.36,42.91,244,1677.1,True,True,True,True,True,True,49.7,JEE Advanced,950
Indian Institute of Technology Kanpur,Kanpur,Uttar Pradesh,Government,1959,125,A++,51,1019,0.9,56245,57869,True,80.1,8.96,51.08,301,353.4,True,True,True,True,True,True,52.7,JEE Advanced,900
Indian Institute of Technology Kharagpur,Kharagpur,West Bengal,Govt,1951,142,A++,43,,,30014,119353,True,85.4,12.51,64.93,330,1089.7,False,True,True,True,True,True,32.9,JEE Advanced,1500
Indian Institute of Technology Roorkee,Roorkee,Uttarakhand,Government,1847,,A++,160,573,2.1,62576,145175,True,87.7,13.07,43.63,110,218.7,True,False,True,True,True,True,35.0,JEE Advanced,1200
Indian Institute of Technology Guwahati,Guwahati,Assam,Government,1994,39,A++,33,94,8.5,23392,74313,False,65.5,10.54,48.06,90,576.2,True,True,True,True,True,True,63.6,JEE Advanced,800
Indian Institute of Technology Hyderabad,Hyderabad,Telangana,Government,2008,65,A+,78,303,2.0,99696,42899,False,66.4,12.28,65.11,226,479.6,True,True,False,True,True,True,32.5,JEE Advanced,600
Indian Institute of Technology BHU Varanasi,Varanasi,Uttar Pradesh,Government,1919,99,A++,54,1076,1.0,74638,67388,False,74.7,14.57,87.19,224,745.3,True,False,False,False,False,True,67.9,JEE Advanced,1050
Indian Institute of Technology Indore,Indore,Madhya Pradesh,Government,2009,96,A+,163,584,0.9,92992,38907,False,80.5,7.35,21.46,70,1550.4,False,True,True,True,True,False,30.5,JEE Advanced,550
Indian Institute of Technology Dhanbad,Dhanbad,Jharkhand,Government,1926,68,A+,77,220,4.1,24602,100468,True,69.9,7.65,44.11,408,716.0,True,True,True,True,True,True,31.8,JEE Advanced,900
Indian Institute of Technology Patna,Patna,Bihar,Government,2008,243,A,48,763,0.6,8329,42097,True,59.0,7.15,18.98,298,408.1,False,True,True,False,False,False,32.0,JEE Advanced,450
Indian Institute of Technology Mandi,Mandi,Himachal Pradesh,Government,2009,160,A,158,804,0.4,7614,147823,False,50.7,6.41,30.99,446,2434.7,True,False,True,False,False,False,53.0,JEE Advanced,350
Indian Institute of Technology Jodhpur,Jodhpur,Rajasthan,Government,2008,171,A,93,796,0.5,7537,142537,True,54.1,4.0,22.86,263,561.2,False,False,False,True,False,False,46.9,JEE Advanced,400
Indian Institute of Technology Tirupati,Tirupati,Andhra Pradesh,Government,2015,,A,44,1127,0.3,12104,108193,True,53.0,6.64,23.89,424,2249.3,True,False,True,True,True,False,14.9,JEE Advanced,300
Indian Institute of Technology Palakkad,Palakkad,Kerala,Government,2015,153,,172,436,0.6,13341,55144,True,52.6,7.7,37.5,338,1018.2,False,True,False,False,True,True,58.7,JEE Advanced,280
Indian Institute of Technology Bhilai,Bhilai,Chhattisgarh,Government,2016,261,,77,174,1.5,20392,118184,False,49.3,7.03,21.2,516,1530.1,True,True,True,True,True,True,54.3,JEE Advanced,260
Indian Institute of Technology Goa,Goa,Goa,Government,2016,215,,124,1113,0.2,41629,108047,True,49.5,6.78,27.45,591,1117.6,False,False,True,True,True,True,12.8,JEE Advanced,240
Indian Institute of Technology Jammu,Jammu,Jammu & Kashmir,Government,2016,297,,153,757,0.3,30102,120957,False,44.6,4.07,16.08,507,1042.4,True,True,True,True,True,True,16.1,JEE Advanced,250
Indian Institute of Technology Dharwad,Dharwad,Karnataka,Government,2016,,,36,135,1.7,,111560,False,56.0,7.53,34.42,468,343.6,True,False,True,True,True,False,33.4,JEE Advanced,230
National Institute of Technology Trichy,Tiruchirappalli,Tamil Nadu,Government,1964,89,A++,76,392,2.8,20276,128858,True,65.7,7.47,40.62,159,1186.5,True,True,True,False,False,True,9.8,JEE Main,1100
National Institute of Technology Surathkal,Mangalore,Karnataka,Government,1960,,A+,190,697,1.3,92607,120520,False,84.1,7.43,36.71,153,1991.6,True,True,True,False,True,True,40.5,JEE Main,900
National Institute of Technology Warangal,Warangal,Telangana,Govt,1959,61,A+,97,629,1.4,85539,131533,True,76.1,9.36,47.35,281,2077.7,True,True,True,False,True,True,7.9,JEE Main,850
National Institute of Technology Calicut,Kozhikode,Kerala,Government,1961,41,A+,191,572,1.4,40042,41221,True,70.6,9.06,40.25,517,1616.5,False,False,False,True,True,True,35.4,JEE Main,800
National Institute of Technology Rourkela,Rourkela,Odisha,Government,1961,127,A+,64,459,2.1,30814,124540,True,69.4,6.2,27.13,251,1847.8,True,True,True,True,True,True,20.8,JEE Main,950
National Institute of Technology Durgapur,Durgapur,West Bengal,Government,1960,247,A,79,185,4.3,42621,67268,True,54.1,5.2,16.36,519,289.6,False,True,True,True,False,True,6.4,JEE Main,800
Motilal Nehru National Institute of Technology,Prayagraj,Uttar Pradesh,Government,1961,56,A+,160,705,1.1,74049,149079,True,75.2,13.6,81.13,91,1526.0,False,True,True,True,True,False,52.3,JEE Main,750
Maulana Azad National Institute of Technology,Bhopal,Madhya Pradesh,Government,1960,135,A+,123,485,1.4,74510,39329,True,80.8,14.24,74.87,147,1363.7,True,True,True,True,False,True,46.0,JEE Main,700
Visvesvaraya National Institute of Technology,Nagpur,Maharashtra,Government,1960,32,A+,38,132,6.1,93385,35224,False,85.5,12.35,56.97,264,2405.0,True,True,True,True,False,True,58.8,JEE Main,800
National Institute of Technology Jamshedpur,Jamshedpur,Jharkhand,Government,1960,297,A,155,900,0.7,15539,73228,False,52.3,5.48,26.41,67,1139.8,True,True,True,True,False,False,23.4,JEE Main,650
National Institute of Technology Silchar,Silchar,Assam,Government,1967,129,A,94,404,1.5,36766,45915,True,40.9,6.15,32.58,594,39.1,False,True,True,True,True,True,29.7,JEE Main,600
National Institute of Technology Hamirpur,Hamirpur,Himachal Pradesh,Government,1986,138,A,200,659,0.8,32193,74548,False,68.0,5.54,29.76,335,2094.5,False,True,True,True,True,True,41.4,JEE Main,500
National Institute of Technology Srinagar,Srinagar,Jammu & Kashmir,Government,1960,,B++,47,155,3.5,30302,116991,False,63.8,6.26,18.98,544,2413.6,True,True,True,True,True,True,24.6,JEE Main,550
National Institute of Technology Agartala,Agartala,Tripura,Government,1965,125,A,73,668,0.7,36978,144344,True,56.2,6.09,20.23,122,1087.8,True,False,True,True,True,True,8.7,JEE Main,450
National Institute of Technology Raipur,Raipur,Chhattisgarh,Government,1956,219,A,178,1024,0.5,45613,119539,True,47.2,7.56,22.69,290,1151.6,False,True,True,True,True,False,47.3,JEE Main,500
Indian Institute of Science,Bangalore,Karnataka,Government,1909,36,A++,85,890,0.4,62049,105341,True,71.8,11.99,30.9,38,1417.0,True,True,True,True,True,True,48.6,KVPY/JEE,400
IISER Pune,Pune,Maharashtra,Government,2006,31,A++,150,829,0.2,245947,84460,False,87.5,15.04,65.99,543,2284.2,False,True,True,False,True,False,58.5,IAT,200
IISER Kolkata,Kolkata,West Bengal,Government,2006,21,A+,42,840,0.2,169219,78311,True,94.4,27.46,124.83,269,1181.3,True,True,True,True,True,True,44.1,IAT,180
IISER Mohali,Mohali,Punjab,Government,2007,14,A+,140,282,0.6,191608,84935,False,93.2,28.71,160.75,447,2347.9,True,True,True,False,True,True,21.0,IAT,170
IISER Bhopal,Bhopal,Madhya Pradesh,Government,2008,39,A+,165,504,0.3,83010,133150,True,92.9,13.58,70.32,251,2033.6,False,False,True,True,False,False,17.8,IAT,160
IISER Thiruvananthapuram,Thiruvananthapuram,Kerala,Government,2008,29,A,31,312,0.5,54136,52838,True,88.7,14.92,59.28,517,1123.4,True,True,True,True,True,True,26.6,IAT,150
BITS Pilani,Pilani,Rajasthan,Private,1964,8,A++,90,1166,1.0,1076750,111830,True,91.4,20.97,76.29,494,1266.3,True,False,True,True,True,True,31.3,BITSAT,1200
Vellore Institute of Technology,Vellore,Tamil Nadu,Private,1984,45,A++,157,346,14.5,289511,42219,True,66.7,9.96,37.89,91,1468.2,True,True,False,True,False,True,40.2,VITEEE,5000
SRM Institute of Science and Technology,Chennai,Tamil Nadu,Private,1985,22,A++,170,133,33.8,1703974,59643,True,94.5,26.9,159.0,303,77.2,True,True,True,False,False,True,20.6,SRMJEEE,4500
Manipal Academy of Higher Education,Manipal,Karnataka,Private,1953,29,A++,187,,,,104395,True,90.7,27.67,84.24,113,683.9,False,True,True,True,True,True,47.0,MET,3000
Amity University,Noida,UP,Private,2005,136,A+,59,961,4.2,343901,130160,False,61.9,6.62,16.73,162,953.6,True,True,True,True,False,False,49.8,Amity JEE,4000
Lovely Professional University,Phagwara,Punjab,Private,2005,69,A+,77,296,20.3,682446,139055,True,73.6,6.89,27.76,476,1474.2,False,True,True,False,True,False,37.6,LPUNEST,6000
Shiv Nadar University,Greater Noida,Uttar Pradesh,Private,2011,117,A,189,999,0.8,192875,131298,True,53.8,4.59,20.53,360,2161.3,True,True,True,True,True,True,44.7,SNUSAT,800
Ashoka University,Sonipat,Haryana,Private,2014,115,A,130,164,3.0,365849,80394,True,48.9,4.99,26.3,222,807.2,True,True,True,True,True,True,34.3,Ashoka Aptitude,500
OP Jindal Global University,Sonipat,Haryana,Private,2009,,A+,200,596,1.2,550905,38639,True,63.9,8.46,32.6,183,836.7,False,True,True,True,True,False,41.6,JSAT,700
Thapar Institute of Engineering,Patiala,Punjab,Private,1956,67,A+,102,518,2.9,643973,96648,True,64.8,6.9,21.6,527,484.1,True,False,False,False,False,False,70.0,JEE Main,1500
Kalinga Institute of Industrial Technology,Bhubaneswar,Odisha,Private,1992,60,A++,171,989,3.5,658933,35726,False,66.1,9.41,31.35,321,1882.2,False,False,True,False,True,False,55.3,KIITEE,3500
Chandigarh University,Mohali,Punjab,private,2012,95,A+,46,1136,3.5,254714,114040,False,68.0,6.97,40.22,321,214.3,True,True,False,False,True,False,12.9,CUCET,4000
Chitkara University,Rajpura,Punjab,Private,2010,87,A+,88,158,12.7,303896,139992,False,74.3,6.68,20.11,513,1741.7,True,True,True,True,True,True,11.4,Chitkara UG,2000
Bennett University,Greater Noida,Uttar Pradesh,Private,2016,192,A,76,802,1.0,370205,105372,False,42.3,3.15,12.61,456,472.3,True,False,False,False,False,False,47.4,Own Test,800
Plaksha University,Mohali,Punjab,Private,2021,299,,49,760,0.3,135420,75193,True,42.2,5.46,15.63,75,884.0,True,True,True,False,True,True,25.0,Own Test,200
Azim Premji University,Bangalore,Karnataka,Private,2010,212,A,84,759,0.5,200193,67501,False,45.7,6.01,33.24,157,1999.4,True,False,True,True,True,True,31.7,Own Test,400
Symbiosis International University,Pune,Maharashtra,Deemed,2002,28,A++,129,799,3.1,,88447,False,87.1,13.97,68.65,73,1818.4,True,True,True,False,False,False,64.0,SET,2500
RVCE Bangalore,Bangalore,Karnataka,Autonomous,1963,16,A++,161,237,7.6,417243,50111,True,84.9,17.39,66.12,170,1326.0,True,False,True,False,False,False,29.1,KCET,1800
BMS College of Engineering,Bangalore,Karnataka,Autonomous,1946,67,A+,37,991,1.6,178765,56237,True,48.7,8.12,33.15,357,1671.3,True,True,True,False,True,False,50.2,KCET,1600
PSG College of Technology,Coimbatore,Tamil Nadu,Autonomous,1951,,A++,149,1060,1.3,84018,110209,True,71.5,3.39,13.2,450,1924.1,False,True,True,True,False,True,58.0,TNEA,1400
Dhirubhai Ambani Institute,Gandhinagar,Gujarat,Private,2001,132,A,87,1142,0.5,259448,51581,True,39.9,6.71,22.07,110,630.3,False,True,True,True,False,True,45.2,JEE Main,600
FLAME University,Pune,Maharashtra,Private,2015,275,A,142,142,3.5,238755,115344,True,41.3,5.07,23.64,588,727.7,True,True,True,True,True,True,67.1,FLAME Entrance,500
Birla Institute of Technology Mesra,Ranchi,Jharkhand,Deemed,1955,140,A+,130,627,1.6,344269,97499,True,65.7,5.57,23.02,283,356.5,True,True,True,True,True,True,5.4,BIT MCA,1000
Jamia Millia Islamia,New Delhi,Delhi,Government,1920,123,A++,152,665,3.0,51877,94866,True,78.7,13.43,65.19,38,2118.7,True,False,True,True,True,True,31.3,JMI Entrance,2000
Aligarh Muslim University,Aligarh,Uttar Pradesh,Government,1875,,A++,51,828,3.6,31864,42672,False,74.1,12.95,47.74,233,1508.1,False,False,True,False,False,False,29.3,AMU Entrance,3000
Banaras Hindu University,Varanasi,Uttar Pradesh,Government,1916,77,A++,151,1123,4.5,95805,126904,True,84.4,10.94,46.78,531,1773.3,True,True,True,True,False,True,22.4,UET/PET,5000
Jawaharlal Nehru University,New Delhi,Delhi,Government,1969,56,A++,63,305,8.2,34369,137696,True,80.7,5.32,30.96,49,1105.4,True,False,True,True,True,True,30.5,JNUEE,2500
University of Delhi,New Delhi,Delhi,Government,1922,66,A++,86,584,13.7,99319,135336,True,80.9,11.1,35.22,335,566.0,False,False,True,True,False,False,68.2,CUET,8000
University of Hyderabad,Hyderabad,Telangana,Government,1974,64,A++,182,985,1.5,34198,68070,True,66.0,14.55,40.4,292,1869.6,True,True,True,True,True,True,16.6,CUET,1500
Jadavpur University,Kolkata,West Bengal,Government,1955,4,A++,181,1057,1.9,293557,50701,False,90.7,33.51,186.8,234,1891.0,True,False,True,False,True,True,21.5,WBJEE,2000
Anna University,Chennai,Tamil Nadu,Government,1978,42,A++,91,98,40.8,295526,128173,True,,33.3,185.43,139,2321.5,True,True,True,True,True,True,24.8,TNEA,4000
Savitribai Phule Pune University,Pune,Maharashtra,Government,1949,,A++,37,751,4.7,95079,142216,True,79.7,9.05,36.17,440,1674.8,True,False,True,True,True,False,14.6,Own Entrance,3500
Presidency University Kolkata,Kolkata,West Bengal,Government,1817,222,A,178,320,1.6,49962,95866,True,67.7,7.44,38.65,332,922.0,False,False,False,False,False,True,17.0,CUET,500
University of Calcutta,Kolkata,West Bengal,Government,1857,129,A,66,1115,3.6,28709,40237,True,67.5,3.56,19.23,579,378.9,True,True,False,False,True,True,24.3,CUET,4000
University of Mumbai,Mumbai,Maharashtra,Government,1857,,A++,123,172,29.1,66897,63352,False,83.8,12.46,56.37,382,1752.5,True,False,True,True,False,True,38.8,Own Entrance,5000
Cochin University of Science and Technology,Kochi,Kerala,Government,1971,126,A+,115,1180,1.0,85687,47431,False,80.0,8.48,26.5,571,322.7,False,False,False,True,False,False,68.6,CUSAT CAT,1200
All India Institute of Medical Sciences Delhi,New Delhi,Delhi,Government,1956,116,A++,76,112,1.8,29790,34222,True,83.6,9.19,47.62,241,172.9,True,False,False,False,True,False,42.4,NEET UG,200
Christian Medical College Vellore,Vellore,Tamil Nadu,Private,1900,,A++,51,698,0.2,534394,105690,True,71.1,9.38,33.98,563,556.5,True,True,True,True,True,True,22.4,NEET UG,150
Armed Forces Medical College,Pune,Maharashtra,Government,1948,112,A++,157,933,0.2,33920,135614,True,75.6,,,572,339.6,True,True,False,False,True,False,18.5,NEET UG,150
Maulana Azad Medical College,New Delhi,Delhi,Government,1958,91,A++,69,111,2.3,88249,58444,True,76.0,13.69,50.18,224,2405.4,False,False,False,False,True,True,10.0,NEET UG,250
King George Medical University,Lucknow,Uttar Pradesh,Government,1911,48,A+,109,496,0.5,27924,135226,True,87.6,9.69,52.7,350,1037.8,False,False,False,True,False,True,40.3,NEET UG,250
Grant Medical College,Mumbai,Maharashtra,Government,1845,,A+,132,1084,0.2,59245,63728,True,82.6,9.89,49.77,202,1833.3,True,True,True,True,True,True,25.9,NEET UG,200
Kasturba Medical College Manipal,Manipal,Karnataka,Private,1953,94,A++,19,104,2.4,706676,116413,True,68.2,4.05,17.94,572,1806.9,False,True,True,True,True,True,38.4,NEET UG,250
St Johns Medical College,Bangalore,Karnataka,Private,1963,,A+,38,144,1.0,436828,69318,True,73.5,10.78,51.62,445,951.3,False,True,True,False,False,False,39.6,NEET UG,150
JIPMER Puducherry,Puducherry,Puducherry,Government,1823,,A++,154,654,0.3,89289,92324,True,71.2,14.24,69.71,63,452.5,False,True,True,True,False,True,59.8,NEET UG,200
National Law School Bangalore,Bangalore,Karnataka,Government,1987,40,A++,40,189,0.6,257224,120349,True,95.1,23.52,139.01,477,584.2,True,True,True,True,True,True,7.2,CLAT,120
NALSAR Hyderabad,Hyderabad,Telangana,Govt,1998,,A++,93,90,1.1,98086,50221,True,82.0,8.17,23.47,485,903.0,False,True,False,False,False,False,20.3,CLAT,100
National Law Institute University Bhopal,Bhopal,Madhya Pradesh,Government,1997,,A+,161,577,0.2,158477,80829,False,95.9,28.67,127.82,563,428.1,False,True,True,True,True,True,27.9,CLAT,100
West Bengal National University of Juridical Sciences,Kolkata,West Bengal,Government,1999,106,A+,99,858,0.1,75012,44021,False,68.1,5.07,19.7,480,840.2,False,False,True,True,True,True,57.5,CLAT,100
National Law University Delhi,New Delhi,Delhi,Government,2008,,A+,166,489,0.2,148580,66739,True,96.4,21.04,60.99,588,453.9,False,True,True,True,True,True,54.2,AILET,120
Gujarat National Law University,Gandhinagar,Gujarat,Government,2003,,A,194,816,0.1,182805,143984,True,94.7,,,579,1486.6,True,False,True,False,False,True,64.2,CLAT,100
Rajiv Gandhi National University of Law,Patiala,Punjab,Government,2006,121,A,53,1104,0.1,43044,120133,False,57.3,5.23,20.23,383,2494.3,False,False,True,True,False,False,34.8,CLAT,80
Indian Institute of Management Ahmedabad,Ahmedabad,Gujarat,Government,1961,61,A++,180,782,0.5,,69356,False,66.0,12.11,31.23,141,1694.5,False,True,True,True,True,True,13.2,CAT,400
Indian Institute of Management Bangalore,Bangalore,Karnataka,Government,1973,,A++,152,288,1.6,41972,66483,True,82.3,13.09,35.59,221,917.7,False,True,True,False,True,True,15.4,CAT,450
Indian Institute of Management Calcutta,Kolkata,West Bengal,Government,1961,149,A++,123,865,0.6,63929,120890,False,68.3,8.88,40.74,220,1219.2,False,False,True,True,False,True,38.5,CAT,480
Indian Institute of Management Lucknow,Lucknow,Uttar Pradesh,Government,1984,67,A++,140,989,0.5,88607,96248,False,80.0,9.09,38.37,201,211.3,False,False,True,True,True,False,4.1,CAT,450
Indian Institute of Management Kozhikode,Kozhikode,Kerala,Government,1996,126,A++,154,983,0.4,86186,137909,True,87.8,10.42,53.65,253,2474.5,True,True,False,True,False,False,9.0,CAT,400
Indian Institute of Management Indore,Indore,Madhya Pradesh,Government,1996,120,A++,30,503,1.1,97938,86120,True,68.8,6.39,20.6,389,1333.0,True,True,True,True,False,True,42.6,CAT,550
Faculty of Management Studies Delhi,New Delhi,Delhi,Government,1954,,A++,130,848,0.3,66472,94154,True,68.3,11.32,53.17,107,1585.9,True,True,True,True,True,True,61.8,CAT,220
XLRI Jamshedpur,Jamshedpur,Jharkhand,Private,1949,2,A++,189,783,0.4,1094737,74270,True,89.9,12.61,69.15,79,119.6,True,False,True,False,False,False,44.6,XAT,300
SP Jain Institute of Management,Mumbai,Maharashtra,Private,1981,84,A++,28,,,297874,115798,True,64.7,4.66,22.49,435,1565.9,True,True,False,False,True,False,51.4,CAT/XAT,300
Management Development Institute,Gurugram,Haryana,Private,1973,134,A++,41,289,1.2,642828,120968,False,58.6,4.57,17.55,350,922.1,True,True,True,False,False,False,22.3,CAT,350
Indian School of Business,Hyderabad,Telangana,Private,2001,6,A++,104,866,1.0,955595,41362,True,96.1,12.8,37.52,469,789.7,True,True,False,True,False,True,11.5,GMAT/GRE,900
NMIMS Mumbai,Mumbai,Maharashtra,Deemed,1981,24,A++,107,104,14.4,536440,61599,False,85.0,16.32,70.98,354,334.3,True,True,True,True,False,True,60.5,NMAT,1500
Christ University,Bangalore,Karnataka,Deemed,1969,60,A++,115,749,4.7,191430,97017,True,75.8,9.83,29.92,97,778.9,False,True,False,False,True,False,31.7,CUET,3500
Symbiosis Centre for Management,Pune,Maharashtra,Deemed,1993,143,A+,57,610,1.3,235895,95065,True,76.7,6.9,36.16,410,321.7,True,False,False,True,False,False,55.1,SNAP,800
Great Lakes Institute of Management,Chennai,Tamil Nadu,Private,2004,,A,73,316,1.3,397211,51873,True,46.0,3.65,10.44,551,11.4,False,False,True,False,False,False,60.4,CAT/XAT,400
MICA Ahmedabad,Ahmedabad,Gujarat,Private,1991,38,A+,60,187,1.1,535476,65554,True,77.3,8.57,25.01,258,2011.8,True,True,True,True,True,True,68.7,MICAT,200
St Stephens College,New Delhi,Delhi,Private,1881,72,A++,74,128,9.4,773108,129677,True,76.5,5.2,29.97,584,869.3,False,True,False,True,False,False,59.1,CUET,1200
Lady Shri Ram College,New Delhi,Delhi,Private,1956,80,A++,132,842,1.8,297545,35754,True,79.9,11.18,48.29,116,1454.0,True,False,True,False,True,True,36.4,CUET,1500
Loyola College Chennai,Chennai,Tamil Nadu,Autonomous,1925,98,A++,54,303,9.9,121291,60619,True,47.2,4.22,22.07,138,415.1,True,True,True,True,True,True,33.7,Own Entrance,3000
Fergusson College,Pune,Maharashtra,Autonomous,1885,132,A+,130,908,2.8,62832,118759,True,54.0,7.92,24.62,599,1871.5,True,True,True,False,True,False,19.0,Own Entrance,2500
Madras Christian College,Chennai,Tamil Nadu,Autonomous,1837,85,A+,46,759,2.6,66900,55919,False,72.1,5.66,16.7,73,2356.0,True,True,True,True,False,True,5.4,Own Entrance,2000
St Xaviers College Mumbai,Mumbai,Maharashtra,Autonomous,1869,32,A++,179,488,6.1,194359,92787,True,46.8,4.68,13.95,568,626.6,False,False,True,True,True,False,69.6,Own Entrance,3000
Hindu College Delhi,New Delhi,Delhi,Govt,1899,147,A++,40,406,4.9,76824,99393,True,73.2,10.84,35.93,283,1643.9,False,False,False,False,True,True,20.1,CUET,2000
Ramjas College Delhi,New Delhi,Delhi,Government,1917,,A+,153,1088,1.4,61095,104403,True,78.0,10.63,33.58,346,443.0,True,True,True,True,True,True,4.6,CUET,1500
Hansraj College Delhi,New Delhi,Delhi,Government,1948,111,A+,97,698,2.1,63967,122345,True,86.7,8.96,25.57,169,2439.8,False,True,True,True,True,True,51.8,CUET,1500
Miranda House Delhi,New Delhi,Delhi,Government,1948,60,A++,178,532,2.3,89381,34244,True,69.2,8.18,43.61,136,2342.0,True,True,True,False,False,True,11.6,CUET,1200
National Institute of Design Ahmedabad,Ahmedabad,Gujarat,Government,1961,58,A++,40,848,0.2,36802,145939,True,74.5,13.82,51.54,520,1972.9,True,True,False,True,False,False,41.3,NID DAT,200
National Institute of Fashion Technology Delhi,New Delhi,New Delhi,Government,1986,,A+,125,143,2.8,27203,74295,True,78.7,11.14,46.67,198,1520.3,True,True,True,True,True,True,31.5,NIFT,400
School of Planning and Architecture Delhi,New Delhi,Delhi,Government,1941,92,A+,35,677,0.3,,108671,False,76.0,5.97,19.25,514,2110.2,False,True,True,False,False,True,23.0,NATA/JEE,200
IIT Bombay IDC School of Design,Mumbai,Maharashtra,Government,1969,27,A++,165,927,0.1,232575,117486,True,86.4,27.37,145.84,262,1386.2,True,True,False,True,True,True,59.2,CEED,100
Srishti Manipal Institute of Art,Bangalore,Karnataka,Private,1996,170,A,96,608,0.8,328271,56465,True,64.9,5.32,28.83,98,222.1,True,True,True,True,True,True,39.8,SUAT,500
College of Engineering Pune,Pune,Maharashtra,Government,1854,80,A+,118,644,1.9,65206,115824,True,76.2,11.09,29.18,177,1547.5,True,False,True,True,True,False,48.3,MHT CET,1200
PEC Chandigarh,Chandigarh,Chandigarh,Government,1921,127,A+,63,262,3.1,73079,131453,True,84.0,7.69,30.44,482,532.4,True,True,True,True,True,True,58.0,JEE Main,800
Netaji Subhas University of Technology,New Delhi,Delhi,Govt,1983,141,A+,189,333,3.0,41097,65910,True,73.5,9.64,37.49,61,608.6,True,True,True,True,True,True,35.2,JEE Main,1000
Delhi Technological University,New Delhi,Delhi,Government,1941,46,A++,168,434,2.8,254551,130607,False,,22.9,67.85,38,563.3,False,False,True,True,True,False,43.4,JEE Main,1200
International Institute of Information Technology Hyderabad,Hyderabad,Telangana,Deemed,1998,144,A++,85,768,0.8,461307,109829,True,57.9,7.95,33.28,362,2154.4,True,True,True,False,True,False,19.8,JEE Main,600
Institute of Chemical Technology Mumbai,Mumbai,Maharashtra,Deemed,1933,138,A++,178,1174,0.4,521232,104978,True,72.8,5.73,28.63,517,2266.8,False,True,True,True,False,False,47.7,MHT CET,500
Birla Vishvakarma Mahavidyalaya,Anand,Gujarat,Autonomous,1948,90,A+,99,941,0.9,221556,41704,True,51.7,4.34,24.09,410,655.1,False,False,False,False,False,True,22.0,ACPC,800
VJTI Mumbai,Mumbai,Maharashtra,Government,1887,,A+,51,1017,0.8,34762,48004,True,87.8,8.43,50.2,353,2156.7,True,True,True,False,False,True,14.3,MHT CET,800
Sardar Vallabhbhai National Institute of Technology Surat,Surat,Gujarat,Government,1961,61,A+,97,108,8.3,77573,80242,True,65.1,10.34,52.29,573,480.5,False,True,True,True,False,True,48.0,JEE Main,900
Malaviya National Institute of Technology Jaipur,Jaipur,Rajasthan,Government,1963,,A+,118,417,2.0,32536,74922,True,87.9,9.9,50.74,49,574.9,False,True,True,False,False,True,51.4,JEE Main,850
National Institute of Technology Kurukshetra,Kurukshetra,Haryana,Government,1963,277,A,112,989,0.8,12085,115664,True,65.1,3.24,9.41,156,1370.5,False,True,False,True,False,False,34.3,JEE Main,750
National Institute of Technology Meghalaya,Shillong,Meghalaya,Government,2010,240,B++,148,618,0.5,23527,44943,True,63.5,5.49,25.43,236,898.0,True,False,False,True,True,True,29.9,JEE Main,300
Indian Institute of Engineering Science and Technology,Howrah,West Bengal,Government,1856,42,A+,89,160,6.2,53800,64619,True,75.7,6.0,18.67,398,2005.0,True,False,True,False,False,False,23.3,WBJEE,1000
Amrita Vishwa Vidyapeetham,Coimbatore,Tamil Nadu,Deemed,2003,44,A++,191,869,3.5,245876,44920,False,61.2,9.76,33.69,519,2000.7,True,True,True,False,False,False,46.1,AEEE,3000
Hindustan Institute of Technology,Chennai,Tamil Nadu,Deemed,1985,234,A,31,174,10.3,,93318,True,75.8,4.23,16.66,297,1639.2,True,True,True,True,True,True,2.8,HITSEEE,1800
Sathyabama Institute of Science and Technology,Chennai,Tamil Nadu,Deemed,1987,88,A+,72,1118,2.2,,94441,False,59.0,5.65,19.63,593,1610.1,True,True,False,True,True,True,29.4,Own Entrance,2500
Koneru Lakshmaiah Education Foundation,Guntur,Andhra Pradesh,Deemed,1980,106,A++,28,824,2.4,416515,103706,True,55.8,7.86,45.79,258,2111.6,True,True,True,True,True,True,24.6,KLEEE,2000
SR University,Warangal,Telangana,Private,2018,293,A,70,884,0.7,,63330,False,53.3,3.34,19.22,498,2062.3,True,True,False,True,False,True,15.0,Own Entrance,600
Sharda University,Greater Noida,Uttar Pradesh,Private,2009,147,A+,183,873,2.9,385810,120677,True,70.6,9.84,29.02,359,1262.8,False,False,True,True,True,False,28.2,Own Entrance,2500
GD Goenka University,Gurugram,Haryana,Private,2013,129,A,196,351,2.3,,111810,True,56.4,5.59,32.0,212,1262.2,True,False,False,True,True,True,49.2,Own Entrance,800
Jain University,Bangalore,karnataka,Deemed,1990,,A++,67,684,4.4,300269,119573,False,57.0,8.96,44.06,584,85.6,True,True,True,True,True,True,57.4,SET,3000
MS Ramaiah Institute of Technology,Bangalore,karnataka,Autonomous,1962,54,A+,165,833,1.7,212676,143881,False,68.4,8.22,44.43,589,1847.4,True,True,True,False,True,True,15.4,KCET,1400
RV College of Engineering,Bangalore,Karnataka,Autonomous,1963,58,A++,140,696,2.6,90581,35235,True,49.6,4.94,13.23,593,898.4,False,True,True,False,False,True,55.3,KCET,1800
New Horizon College of Engineering,Bangalore,Karnataka,Autonomous,2001,259,A,44,98,12.2,,99533,True,59.2,6.37,32.69,384,1116.9,True,True,False,True,False,False,63.5,KCET,1200
Dayananda Sagar College of Engineering,Bangalore,Karnataka,Autonomous,1979,110,A+,57,276,5.4,127708,147739,True,64.5,4.92,13.72,580,1335.3,False,True,False,False,True,False,44.6,KCET,1500
PES University,Bangalore,Karnataka,Private,1972,,A+,114,914,2.7,464144,103149,True,56.9,10.57,60.13,491,1577.4,True,True,False,False,False,True,31.4,PESSAT,2500
CMR Institute of Technology,Bangalore,Karnataka,Autonomous,2000,175,B++,71,1172,0.7,,79992,True,56.9,6.96,28.95,169,1868.2,True,False,True,True,False,False,56.2,KCET,800
Woxsen University,Hyderabad,Telangana,Private,2014,,A,62,409,1.5,280277,57752,True,47.4,5.41,23.23,256,1544.1,True,True,True,True,True,True,19.2,Own Test,600
National Institute of Pharmaceutical Education and Research Mohali,Mohali,Punjab,Government,1998,121,A++,95,826,0.2,74067,73036,True,79.2,8.06,36.63,468,425.8,False,False,True,True,True,True,23.3,NIPER JEE,150
Jamia Hamdard,New Delhi,Delhi,Deemed,1989,57,A+,144,118,8.5,288010,126147,True,74.8,4.0,11.06,61,2032.5,False,False,False,True,False,False,41.4,Own Entrance,1000
Manipal College of Pharmaceutical Sciences,Manipal,Karnataka,Private,1963,114,A+,146,419,1.0,735205,41869,True,65.7,8.02,38.65,173,1118.3,True,False,False,False,True,False,14.2,MET,400
JSS College of Pharmacy,Mysore,karnataka,Deemed,1980,104,A++,195,291,1.0,396244,89591,True,74.7,3.76,17.93,563,1585.7,False,True,True,True,True,True,20.6,Own Entrance,300
Bombay College of Pharmacy,Mumbai,Maharashtra,Government,1957,,A+,62,387,0.5,72658,51706,True,70.3,10.15,35.35,191,908.7,False,True,False,False,False,True,50.8,MHT CET,200
Indian Agricultural Research Institute,New Delhi,Delhi,Government,1905,,A++,147,448,0.7,82193,35136,True,85.5,6.47,19.94,445,1500.4,False,True,True,False,True,True,40.3,ICAR AIEEA,300
Tamil Nadu Agricultural University,Coimbatore,Tamil Nadu,Government,1971,83,A+,42,350,2.3,59914,89437,True,78.7,5.69,21.76,46,509.9,True,True,True,False,False,True,60.5,TNAU Entrance,800
Punjab Agricultural University,Ludhiana,Punjab,Government,1962,124,A+,73,958,0.6,71557,98425,True,74.7,,,523,1974.9,True,True,True,True,True,True,27.9,Own Entrance,600
GB Pant University of Agriculture,Pantnagar,Uttarakhand,Government,1960,56,A++,123,1177,0.4,62483,43970,False,68.6,11.52,39.03,404,1531.6,False,False,True,True,False,True,69.4,JRF,500
Institute of Hotel Management Delhi,New Delhi,Delhi,Government,1962,,A+,56,186,1.6,36206,43143,True,69.9,9.01,33.2,428,2411.6,False,True,False,True,True,True,2.4,NCHM JEE,300
Institute of Hotel Management Mumbai,Mumbai,Maharashtra,Government,1970,54,A+,17,979,0.3,93311,37531,True,86.8,13.2,62.58,236,2127.2,False,False,False,False,True,True,65.3,NCHM JEE,250
Welcome Group Graduate School of Hotel Administration,Manipal,Karnataka,Private,1986,243,A,195,111,1.8,309418,76285,True,55.1,4.32,13.83,100,2298.3,True,True,True,True,True,True,39.4,MET,200
Central University of Rajasthan,Ajmer,Rajasthan,Government,2009,223,A,101,578,1.0,42676,62786,True,60.8,7.83,35.01,499,1705.6,False,True,False,True,True,True,63.0,CUET,600
Central University of Punjab,Bathinda,Punjab,Government,2009,291,B++,136,445,0.9,31144,118302,True,62.5,4.71,20.92,351,887.1,False,True,False,True,True,True,62.8,CUET,400
Central University of Haryana,Mahendragarh,Haryana,Government,2009,247,B++,138,166,2.1,48478,94574,False,58.4,6.82,29.97,410,1553.6,True,False,True,True,True,False,35.5,CUET,350
Central University of Kerala,Kasaragod,Kerala,Government,2009,240,A,112,511,0.8,12888,121520,True,55.5,4.58,11.58,133,817.0,False,False,True,True,True,True,43.7,CUET,400
Central University of Tamil Nadu,Thiruvarur,Tamil Nadu,Government,2009,289,B++,157,562,0.5,42741,119916,True,46.9,3.5,12.06,472,2141.5,True,False,True,False,False,False,15.3,CUET,300
Central University of Gujarat,Gandhinagar,Gujarat,Government,2009,165,A,100,1001,0.3,8934,58241,True,64.4,5.38,25.31,296,905.6,True,True,True,False,True,True,40.1,CUET,350
Central University of Karnataka,Kalaburagi,Karnataka,Government,2009,158,B++,176,943,0.4,46399,48985,False,66.0,,,444,2123.0,False,False,True,True,True,True,6.9,CUET,350
Central University of Jharkhand,Ranchi,Jharkhand,Govt,2009,121,B+,155,1049,0.3,10247,57600,True,45.0,3.52,9.59,85,70.8,False,True,True,True,False,True,29.0,CUET,300
Pondicherry University,Puducherry,Puducherry,Government,1985,52,A++,84,1187,0.7,61771,142770,True,86.1,,,591,1114.9,True,True,True,True,True,True,67.9,CUET,800
Tezpur University,Tezpur,Assam,Government,1994,101,A,91,1057,0.5,23793,91498,True,56.1,6.44,27.19,39,1915.8,True,True,False,True,True,True,56.3,CUET,500
North Eastern Hill University,Shillong,Meghalaya,Government,1973,169,A,61,220,1.8,23656,114994,True,,7.04,27.77,169,727.5,True,True,True,True,True,True,45.3,CUET,400
Mizoram University,Aizawl,Mizoram,Government,2001,149,A,29,379,0.8,29339,90776,True,60.9,3.16,8.79,302,1940.3,True,True,False,False,True,False,6.9,CUET,300
Nagaland University,Zunheboto,Nagaland,Government,1994,113,B++,46,1146,0.2,25454,72344,True,44.8,6.64,33.91,289,1205.7,True,True,True,False,True,False,22.3,CUET,200
Sikkim University,Gangtok,Sikkim,Government,2007,115,B++,190,267,0.9,44073,50315,True,51.1,3.45,10.53,376,2327.5,False,True,True,True,False,True,69.8,CUET,250
Tripura University,Agartala,Tripura,Government,1987,253,B++,63,1083,0.3,7587,93609,True,61.2,5.8,25.52,221,1361.3,True,True,True,True,True,True,24.0,CUET,350
Assam University,Silchar,Assam,Government,1994,,B++,171,395,1.0,40321,137354,False,51.6,5.62,23.84,319,809.9,True,True,True,True,True,False,45.6,CUET,400
Rajiv Gandhi University,Itanagar,Arunachal Pradesh,Government,1984,,B+,107,204,1.2,18679,115950,True,54.7,7.45,20.71,455,2056.0,True,True,True,True,True,True,56.0,CUET,250
Hemvati Nandan Bahuguna Garhwal University,Srinagar,Uttarakhand,Government,1973,268,A,41,954,0.5,11914,130438,True,59.2,4.79,19.67,200,1982.2,False,False,False,False,False,True,39.4,CUET,500
Kumaun University,Nainital,Uttarakhand,Government,1973,104,B++,129,1006,0.4,29580,130362,False,56.5,6.72,25.27,436,5.5,True,True,True,True,True,True,4.4,CUET,400
Gujarat University,Ahmedabad,Gujarat,Government,1949,134,A+,138,744,2.7,27046,104774,True,74.2,14.18,71.89,207,1223.2,True,False,False,True,False,True,63.1,Own Entrance,2000
Osmania University,Hyderabad,Telangana,Government,1918,244,A,177,103,29.1,12899,144004,False,63.1,6.74,36.89,421,140.0,True,False,True,False,True,False,37.7,OUCET,3000
Bangalore University,Bangalore,Karnataka,Government,1964,,A+,36,617,4.1,59062,40819,True,75.9,12.45,55.01,438,1257.0,False,False,False,False,True,False,54.6,Own Entrance,2500
University of Madras,Chennai,Tamil Nadu,Government,1857,86,A++,93,129,23.3,70514,77876,True,73.0,,,203,2469.2,True,True,True,True,True,True,43.9,Own Entrance,3000
University of Kerala,Thiruvananthapuram,Kerala,Government,1937,,A++,81,1151,1.7,17981,73499,True,69.8,10.38,33.35,591,1210.2,True,False,False,False,False,True,51.6,Own Entrance,2000
Panjab University,Chandigarh,Chandigarh,Government,1882,78,A++,42,817,3.7,16092,38729,True,73.9,7.71,42.27,49,734.8,True,True,True,True,True,True,62.1,Own Entrance,3000
University of Rajasthan,Jaipur,Rajasthan,Government,1947,134,A+,85,1106,2.3,61125,76580,False,79.4,7.36,43.6,93,1566.4,False,False,True,True,True,False,61.8,Own Entrance,2500
Patna University,Patna,Bihar,Government,1917,275,A,129,754,2.7,19904,84700,True,47.2,3.76,22.17,585,333.8,False,False,True,True,False,True,46.4,Own Entrance,2000
Ranchi University,Ranchi,Jharkhand,Government,1960,,B++,128,701,2.1,6932,130327,True,49.6,,,310,384.1,False,False,False,True,False,True,14.8,Own Entrance,1500
Lucknow University,Lucknow,Uttar Pradesh,Government,1920,31,A+,136,1086,2.3,94260,91441,False,81.4,8.74,47.92,170,413.6,False,True,False,False,True,True,17.4,Own Entrance,2500
University of Allahabad,Prayagraj,Uttar Pradesh,Government,1887,35,A+,149,1178,1.7,64856,124398,True,72.2,11.12,56.7,69,1304.0,True,True,False,False,False,False,32.7,CUET,2000
Guru Nanak Dev University,Amritsar,Punjab,Government,1969,119,A++,38,1005,1.5,22149,120433,True,76.9,6.42,34.7,542,287.4,True,True,True,True,True,False,55.0,Own Entrance,1500
Maharaja Sayajirao University of Baroda,Vadodara,Gujarat,Government,1949,146,A++,171,1127,2.2,73903,113109,False,73.3,10.24,39.37,193,949.8,True,False,True,False,True,True,27.9,Own Entrance,2500
SNDT Womens University,Mumbai,Maharashtra,Government,1916,40,A+,75,1090,0.9,16600,90115,True,76.4,9.99,53.21,252,1474.2,True,True,True,True,True,True,34.3,Own Entrance,1000
Bharathiar University,Coimbatore,Tamil Nadu,Government,1982,77,A+,131,443,3.4,69651,53363,False,68.7,7.84,37.74,398,2329.0,True,True,True,True,False,True,8.3,Own Entrance,1500
Andhra University,Visakhapatnam,Andhra Pradesh,Government,1926,133,A,124,668,3.0,10745,93394,False,61.7,6.02,31.66,354,652.9,True,True,True,True,True,True,41.1,Own Entrance,2000
Sri Venkateswara University,Tirupati,Andhra Pradesh,Government,1954,100,A+,191,492,3.0,58750,75829,True,77.9,11.38,28.9,318,639.8,True,True,False,True,False,True,6.6,Own Entrance,1500
Mysore University,Mysore,Karnataka,Government,1916,136,A+,100,1179,1.7,19660,114626,True,68.1,6.55,26.93,503,1961.1,True,True,True,True,True,True,30.1,Own Entrance,2000
Bharathidasan University,Tiruchirappalli,Tamil Nadu,Government,1982,77,A+,196,724,1.7,39560,108012,True,67.7,12.82,45.88,62,682.4,True,True,True,True,True,True,7.9,Own Entrance,1200
Dibrugarh University,Dibrugarh,Assam,Government,1965,233,B++,188,1137,0.7,25339,131650,True,49.8,6.85,19.48,165,516.9,True,True,False,True,False,True,4.5,Own Entrance,800
Gauhati University,Guwahati,Assam,Government,1948,140,A,151,646,1.5,25456,113735,True,66.8,4.6,14.6,356,1933.1,True,True,True,True,True,True,47.6,Own Entrance,1000
Utkal University,Bhubaneswar,Odisha,Government,1943,106,A+,42,183,8.2,59399,100854,False,75.2,6.3,26.13,422,139.2,True,True,True,True,True,True,31.0,Own Entrance,1500
Berhampur University,Berhampur,Odisha,Government,1967,107,B++,194,455,1.3,14418,142865,True,66.9,4.29,16.18,368,1973.0,False,True,True,False,False,False,62.0,Own Entrance,600
Sambalpur University,Sambalpur,Odisha,Government,1967,223,B+,166,900,0.6,26356,102895,True,59.5,6.96,30.38,453,600.2,False,True,False,True,True,True,18.6,Own Entrance,500
Kalyani University,Kalyani,West Bengal,Government,1960,,A,190,302,2.6,11399,137744,True,53.4,4.54,17.8,418,821.9,True,False,True,False,True,True,45.9,Own Entrance,800
Visva-Bharati University,Santiniketan,West Bengal,Government,1921,175,A,37,785,1.3,49535,69917,True,67.6,,,38,1530.7,True,False,False,False,False,False,36.7,Own Entrance,1000
Jammu University,Jammu,Jammu & Kashmir,Government,1969,83,A+,50,1052,1.0,65173,83219,True,73.8,10.45,50.36,222,1390.8,True,True,True,True,False,True,59.3,CUET,1000
Kashmir University,Srinagar,Jammu & Kashmir,Government,1948,198,A,174,951,0.8,32253,142741,False,53.7,,,214,1138.7,True,False,True,True,True,True,30.8,CUET,800
Indian Institute of Technology Bombay,Mumbai,Maharashtra,Government,1958,61,A++,86,1158,0.9,91056,93115,False,87.1,5.8,29.32,506,1294.8,True,True,True,True,False,True,37.6,JEE Advanced,1000
Indian Institute of Technology Madras,Chennai,Tamil Nadu,Government,1959,67,A++,30,613,1.5,,51955,True,65.8,14.23,72.9,514,1447.5,True,True,True,True,True,True,41.0,JEE Advanced,950
