name,city,state,type,established_year,nirf_ranking,naac_grade,courses_offered,faculty_count,student_faculty_ratio,avg_annual_fee,hostel_fee,scholarship_available,placement_rate,avg_package_lpa,highest_package_lpa,companies_visiting,campus_area_acres,has_library,has_hostel,has_sports,has_wifi,has_lab,has_hospital,acceptance_rate,entrance_exams_accepted,total_intake,institution_age,fee_category,region,infrastructure_score,naac_numeric
Indian Institute of Technology Bombay,Mumbai,Maharashtra,Government,1958,,A++,188,289.0,3.5,98810.0,44592,False,65.6,8.37,35.35,588,221.9,True,True,False,False,True,True,30.7,JEE Advanced,1000,68,Low (<1L),West,4,6
Indian Institute of Technology Delhi,New Delhi,Delhi,Government,1961,98.0,A++,106,278.0,4.0,35379.0,58221,True,87.0,8.37,23.64,382,1511.3,False,True,False,True,False,True,56.9,JEE Advanced,1100,65,Low (<1L),North,3,6
Indian Institute of Technology Madras,Chennai,Tamil Nadu,Government,1959,39.0,A++,105,838.0,1.1,28238.0,79823,True,71.4,11.36,42.91,244,1677.1,True,True,True,True,True,True,49.7,JEE Advanced,950,67,Low (<1L),South,6,6
Indian Institute of Technology Kanpur,Kanpur,Uttar Pradesh,Government,1959,125.0,A++,51,1019.0,0.9,56245.0,57869,True,80.1,8.96,51.08,301,353.4,True,True,True,True,True,True,52.7,JEE Advanced,900,67,Low (<1L),North,6,6
Indian Institute of Technology Kharagpur,Kharagpur,West Bengal,Government,1951,142.0,A++,43,666.5,1.15,30014.0,119353,True,85.4,12.51,64.93,330,1089.7,False,True,True,True,True,True,32.9,JEE Advanced,1500,75,Low (<1L),East,5,6
Indian Institute of Technology Roorkee,Roorkee,Uttarakhand,Government,1847,,A++,160,573.0,2.1,62576.0,145175,True,87.7,13.07,43.63,110,218.7,True,False,True,True,True,True,35.0,JEE Advanced,1200,179,Low (<1L),North,5,6
Indian Institute of Technology Guwahati,Guwahati,Assam,Government,1994,39.0,A++,33,94.0,8.5,23392.0,74313,False,65.5,10.54,48.06,90,576.2,True,True,True,True,True,True,63.6,JEE Advanced,800,32,Low (<1L),Northeast,6,6
Indian Institute of Technology Hyderabad,Hyderabad,Telangana,Government,2008,65.0,A+,78,303.0,2.0,99696.0,42899,False,66.4,12.28,65.11,226,479.6,True,True,False,True,True,True,32.5,JEE Advanced,600,18,Low (<1L),South,5,5
Indian Institute of Technology BHU Varanasi,Varanasi,Uttar Pradesh,Government,1919,99.0,A++,54,1076.0,1.0,74638.0,67388,False,74.7,14.57,87.19,224,745.3,True,False,False,False,False,True,67.9,JEE Advanced,1050,107,Low (<1L),North,2,6
Indian Institute of Technology Indore,Indore,Madhya Pradesh,Government,2009,96.0,A+,163,584.0,0.9,92992.0,38907,False,80.5,7.35,21.46,70,1550.4,False,True,True,True,True,False,30.5,JEE Advanced,550,17,Low (<1L),Central,4,5
Indian Institute of Technology Dhanbad,Dhanbad,Jharkhand,Government,1926,68.0,A+,77,220.0,4.1,24602.0,100468,True,69.9,7.65,44.11,408,716.0,True,True,True,True,True,True,31.8,JEE Advanced,900,100,Low (<1L),East,6,5
Indian Institute of Technology Patna,Patna,Bihar,Government,2008,243.0,A,48,763.0,0.6,8329.0,42097,True,59.0,7.15,18.98,298,408.1,False,True,True,False,False,False,32.0,JEE Advanced,450,18,Low (<1L),East,2,4
Indian Institute of Technology Mandi,Mandi,Himachal Pradesh,Government,2009,160.0,A,158,804.0,0.4,7614.0,147823,False,50.7,6.41,30.99,446,2434.7,True,False,True,False,False,False,53.0,JEE Advanced,350,17,Low (<1L),North,2,4
Indian Institute of Technology Jodhpur,Jodhpur,Rajasthan,Government,2008,171.0,A,93,796.0,0.5,7537.0,142537,True,54.1,4.0,22.86,263,561.2,False,False,False,True,False,False,46.9,JEE Advanced,400,18,Low (<1L),North,1,4
Indian Institute of Technology Tirupati,Tirupati,Andhra Pradesh,Government,2015,,A,44,1127.0,0.3,12104.0,108193,True,53.0,6.64,23.89,424,2249.3,True,False,True,True,True,False,14.9,JEE Advanced,300,11,Low (<1L),South,4,4
Indian Institute of Technology Palakkad,Palakkad,Kerala,Government,2015,153.0,A++,172,436.0,0.6,13341.0,55144,True,52.6,7.7,37.5,338,1018.2,False,True,False,False,True,True,58.7,JEE Advanced,280,11,Low (<1L),South,3,6
Indian Institute of Technology Bhilai,Bhilai,Chhattisgarh,Government,2016,261.0,A++,77,174.0,1.5,20392.0,118184,False,49.3,7.03,21.2,516,1530.1,True,True,True,True,True,True,54.3,JEE Advanced,260,10,Low (<1L),Central,6,6
Indian Institute of Technology Goa,Goa,Goa,Government,2016,215.0,A++,124,1113.0,0.2,41629.0,108047,True,49.5,6.78,27.45,591,1117.6,False,False,True,True,True,True,12.8,JEE Advanced,240,10,Low (<1L),West,4,6
Indian Institute of Technology Jammu,Jammu,Jammu & Kashmir,Government,2016,297.0,A++,153,757.0,0.3,30102.0,120957,False,44.6,4.07,16.08,507,1042.4,True,True,True,True,True,True,16.1,JEE Advanced,250,10,Low (<1L),North,6,6
Indian Institute of Technology Dharwad,Dharwad,Karnataka,Government,2016,,A++,36,135.0,1.7,44843.0,111560,False,56.0,7.53,34.42,468,343.6,True,False,True,True,True,False,33.4,JEE Advanced,230,10,Low (<1L),South,4,6
National Institute of Technology Trichy,Tiruchirappalli,Tamil Nadu,Government,1964,89.0,A++,76,392.0,2.8,20276.0,128858,True,65.7,7.47,40.62,159,1186.5,True,True,True,False,False,True,9.8,JEE Main,1100,62,Low (<1L),South,4,6
National Institute of Technology Surathkal,Mangalore,Karnataka,Government,1960,,A+,190,697.0,1.3,92607.0,120520,False,84.1,7.43,36.71,153,1991.6,True,True,True,False,True,True,40.5,JEE Main,900,66,Low (<1L),South,5,5
National Institute of Technology Warangal,Warangal,Telangana,Government,1959,61.0,A+,97,629.0,1.4,85539.0,131533,True,76.1,9.36,47.35,281,2077.7,True,True,True,False,True,True,7.9,JEE Main,850,67,Low (<1L),South,5,5
National Institute of Technology Calicut,Kozhikode,Kerala,Government,1961,41.0,A+,191,572.0,1.4,40042.0,41221,True,70.6,9.06,40.25,517,1616.5,False,False,False,True,True,True,35.4,JEE Main,800,65,Low (<1L),South,3,5
National Institute of Technology Rourkela,Rourkela,Odisha,Government,1961,127.0,A+,64,459.0,2.1,30814.0,124540,True,69.4,6.2,27.13,251,1847.8,True,True,True,True,True,True,20.8,JEE Main,950,65,Low (<1L),East,6,5
National Institute of Technology Durgapur,Durgapur,West Bengal,Government,1960,247.0,A,79,185.0,4.3,42621.0,67268,True,54.1,5.2,16.36,519,289.6,False,True,True,True,False,True,6.4,JEE Main,800,66,Low (<1L),East,4,4
Motilal Nehru National Institute of Technology,Prayagraj,Uttar Pradesh,Government,1961,56.0,A+,160,705.0,1.1,74049.0,149079,True,75.2,13.6,81.13,91,1526.0,False,True,True,True,True,False,52.3,JEE Main,750,65,Low (<1L),North,4,5
Maulana Azad National Institute of Technology,Bhopal,Madhya Pradesh,Government,1960,135.0,A+,123,485.0,1.4,74510.0,39329,True,80.8,14.24,74.87,147,1363.7,True,True,True,True,False,True,46.0,JEE Main,700,66,Low (<1L),Central,5,5
Visvesvaraya National Institute of Technology,Nagpur,Maharashtra,Government,1960,32.0,A+,38,132.0,6.1,93385.0,35224,False,85.5,12.35,56.97,264,2405.0,True,True,True,True,False,True,58.8,JEE Main,800,66,Low (<1L),West,5,5
National Institute of Technology Jamshedpur,Jamshedpur,Jharkhand,Government,1960,297.0,A,155,900.0,0.7,15539.0,73228,False,52.3,5.48,26.41,67,1139.8,True,True,True,True,False,False,23.4,JEE Main,650,66,Low (<1L),East,4,4
National Institute of Technology Silchar,Silchar,Assam,Government,1967,129.0,A,94,404.0,1.5,36766.0,45915,True,40.9,6.15,32.58,594,39.1,False,True,True,True,True,True,29.7,JEE Main,600,59,Low (<1L),Northeast,5,4
National Institute of Technology Hamirpur,Hamirpur,Himachal Pradesh,Government,1986,138.0,A,200,659.0,0.8,32193.0,74548,False,68.0,5.54,29.76,335,2094.5,False,True,True,True,True,True,41.4,JEE Main,500,40,Low (<1L),North,5,4
National Institute of Technology Srinagar,Srinagar,Jammu & Kashmir,Government,1960,,B++,47,155.0,3.5,30302.0,116991,False,63.8,6.26,18.98,544,2413.6,True,True,True,True,True,True,24.6,JEE Main,550,66,Low (<1L),North,6,3
National Institute of Technology Agartala,Agartala,Tripura,Government,1965,125.0,A,73,668.0,0.7,36978.0,144344,True,56.2,6.09,20.23,122,1087.8,True,False,True,True,True,True,8.7,JEE Main,450,61,Low (<1L),Northeast,5,4
National Institute of Technology Raipur,Raipur,Chhattisgarh,Government,1956,219.0,A,178,1024.0,0.5,45613.0,119539,True,47.2,7.56,22.69,290,1151.6,False,True,True,True,True,False,47.3,JEE Main,500,70,Low (<1L),Central,4,4
Indian Institute of Science,Bangalore,Karnataka,Government,1909,36.0,A++,85,890.0,0.4,62049.0,105341,True,71.8,11.99,30.9,38,1417.0,True,True,True,True,True,True,48.6,KVPY/JEE,400,117,Low (<1L),South,6,6
IISER Pune,Pune,Maharashtra,Government,2006,31.0,A++,150,829.0,0.2,245947.0,84460,False,87.5,15.04,65.99,543,2284.2,False,True,True,False,True,False,58.5,IAT,200,20,Medium (1-5L),West,3,6
IISER Kolkata,Kolkata,West Bengal,Government,2006,21.0,A+,42,840.0,0.2,169219.0,78311,True,94.4,27.46,124.83,269,1181.3,True,True,True,True,True,True,44.1,IAT,180,20,Medium (1-5L),East,6,5
IISER Mohali,Mohali,Punjab,Government,2007,14.0,A+,140,282.0,0.6,191608.0,84935,False,93.2,28.71,160.75,447,2347.9,True,True,True,False,True,True,21.0,IAT,170,19,Medium (1-5L),North,5,5
IISER Bhopal,Bhopal,Madhya Pradesh,Government,2008,39.0,A+,165,504.0,0.3,83010.0,133150,True,92.9,13.58,70.32,251,2033.6,False,False,True,True,False,False,17.8,IAT,160,18,Low (<1L),Central,2,5
IISER Thiruvananthapuram,Thiruvananthapuram,Kerala,Government,2008,29.0,A,31,312.0,0.5,54136.0,52838,True,88.7,14.92,59.28,517,1123.4,True,True,True,True,True,True,26.6,IAT,150,18,Low (<1L),South,6,4
BITS Pilani,Pilani,Rajasthan,Private,1964,8.0,A++,90,1166.0,1.0,1076750.0,111830,True,91.4,20.97,76.29,494,1266.3,True,False,True,True,True,True,31.3,BITSAT,1200,62,High (>5L),North,5,6
Vellore Institute of Technology,Vellore,Tamil Nadu,Private,1984,45.0,A++,157,346.0,14.5,289511.0,42219,True,66.7,9.96,37.89,91,1468.2,True,True,False,True,False,True,40.2,VITEEE,5000,42,Medium (1-5L),South,4,6
SRM Institute of Science and Technology,Chennai,Tamil Nadu,Private,1985,22.0,A++,170,133.0,33.8,1703974.0,59643,True,94.5,26.9,159.0,303,77.2,True,True,True,False,False,True,20.6,SRMJEEE,4500,41,High (>5L),South,4,6
Manipal Academy of Higher Education,Manipal,Karnataka,Private,1953,29.0,A++,187,596.0,1.5,391510.5,104395,True,90.7,27.67,84.24,113,683.9,False,True,True,True,True,True,47.0,MET,3000,73,Medium (1-5L),South,5,6
Amity University,Noida,Uttar Pradesh,Private,2005,136.0,A+,59,961.0,4.2,343901.0,130160,False,61.9,6.62,16.73,162,953.6,True,True,True,True,False,False,49.8,Amity JEE,4000,21,Medium (1-5L),North,4,5
Lovely Professional University,Phagwara,Punjab,Private,2005,69.0,A+,77,296.0,20.3,682446.0,139055,True,73.6,6.89,27.76,476,1474.2,False,True,True,False,True,False,37.6,LPUNEST,6000,21,High (>5L),North,3,5
Shiv Nadar University,Greater Noida,Uttar Pradesh,Private,2011,117.0,A,189,999.0,0.8,192875.0,131298,True,53.8,4.59,20.53,360,2161.3,True,True,True,True,True,True,44.7,SNUSAT,800,15,Medium (1-5L),North,6,4
Ashoka University,Sonipat,Haryana,Private,2014,115.0,A,130,164.0,3.0,365849.0,80394,True,48.9,4.99,26.3,222,807.2,True,True,True,True,True,True,34.3,Ashoka Aptitude,500,12,Medium (1-5L),North,6,4
OP Jindal Global University,Sonipat,Haryana,Private,2009,,A+,200,596.0,1.2,550905.0,38639,True,63.9,8.46,32.6,183,836.7,False,True,True,True,True,False,41.6,JSAT,700,17,High (>5L),North,4,5
Thapar Institute of Engineering,Patiala,Punjab,Private,1956,67.0,A+,102,518.0,2.9,643973.0,96648,True,64.8,6.9,21.6,527,484.1,True,False,False,False,False,False,70.0,JEE Main,1500,70,High (>5L),North,1,5
Kalinga Institute of Industrial Technology,Bhubaneswar,Odisha,Private,1992,60.0,A++,171,989.0,3.5,658933.0,35726,False,66.1,9.41,31.35,321,1882.2,False,False,True,False,True,False,55.3,KIITEE,3500,34,High (>5L),East,2,6
Chandigarh University,Mohali,Punjab,Private,2012,95.0,A+,46,1136.0,3.5,254714.0,114040,False,68.0,6.97,40.22,321,214.3,True,True,False,False,True,False,12.9,CUCET,4000,14,Medium (1-5L),North,3,5
Chitkara University,Rajpura,Punjab,Private,2010,87.0,A+,88,158.0,12.7,303896.0,139992,False,74.3,6.68,20.11,513,1741.7,True,True,True,True,True,True,11.4,Chitkara UG,2000,16,Medium (1-5L),North,6,5
Bennett University,Greater Noida,Uttar Pradesh,Private,2016,192.0,A,76,802.0,1.0,370205.0,105372,False,42.3,3.15,12.61,456,472.3,True,False,False,False,False,False,47.4,Own Test,800,10,Medium (1-5L),North,1,4
Plaksha University,Mohali,Punjab,Private,2021,299.0,A++,49,760.0,0.3,135420.0,75193,True,42.2,5.46,15.63,75,884.0,True,True,True,False,True,True,25.0,Own Test,200,5,Medium (1-5L),North,5,6
Azim Premji University,Bangalore,Karnataka,Private,2010,212.0,A,84,759.0,0.5,200193.0,67501,False,45.7,6.01,33.24,157,1999.4,True,False,True,True,True,True,31.7,Own Test,400,16,Medium (1-5L),South,5,4
Symbiosis International University,Pune,Maharashtra,Deemed,2002,28.0,A++,129,799.0,3.1,344269.0,88447,False,87.1,13.97,68.65,73,1818.4,True,True,True,False,False,False,64.0,SET,2500,24,Medium (1-5L),West,3,6
RVCE Bangalore,Bangalore,Karnataka,Autonomous,1963,16.0,A++,161,237.0,7.6,417243.0,50111,True,84.9,17.39,66.12,170,1326.0,True,False,True,False,False,False,29.1,KCET,1800,63,Medium (1-5L),South,2,6
BMS College of Engineering,Bangalore,Karnataka,Autonomous,1946,67.0,A+,37,991.0,1.6,178765.0,56237,True,48.7,8.12,33.15,357,1671.3,True,True,True,False,True,False,50.2,KCET,1600,80,Medium (1-5L),South,4,5
PSG College of Technology,Coimbatore,Tamil Nadu,Autonomous,1951,,A++,149,1060.0,1.3,84018.0,110209,True,71.5,3.39,13.2,450,1924.1,False,True,True,True,False,True,58.0,TNEA,1400,75,Low (<1L),South,4,6
Dhirubhai Ambani Institute,Gandhinagar,Gujarat,Private,2001,132.0,A,87,1142.0,0.5,259448.0,51581,True,39.9,6.71,22.07,110,630.3,False,True,True,True,False,True,45.2,JEE Main,600,25,Medium (1-5L),West,4,4
FLAME University,Pune,Maharashtra,Private,2015,275.0,A,142,142.0,3.5,238755.0,115344,True,41.3,5.07,23.64,588,727.7,True,True,True,True,True,True,67.1,FLAME Entrance,500,11,Medium (1-5L),West,6,4
Birla Institute of Technology Mesra,Ranchi,Jharkhand,Deemed,1955,140.0,A+,130,627.0,1.6,344269.0,97499,True,65.7,5.57,23.02,283,356.5,True,True,True,True,True,True,5.4,BIT MCA,1000,71,Medium (1-5L),East,6,5
Jamia Millia Islamia,New Delhi,Delhi,Government,1920,123.0,A++,152,665.0,3.0,51877.0,94866,True,78.7,13.43,65.19,38,2118.7,True,False,True,True,True,True,31.3,JMI Entrance,2000,106,Low (<1L),North,5,6
Aligarh Muslim University,Aligarh,Uttar Pradesh,Government,1875,,A++,51,828.0,3.6,31864.0,42672,False,74.1,12.95,47.74,233,1508.1,False,False,True,False,False,False,29.3,AMU Entrance,3000,151,Low (<1L),North,1,6
Banaras Hindu University,Varanasi,Uttar Pradesh,Government,1916,77.0,A++,151,1123.0,4.5,95805.0,126904,True,84.4,10.94,46.78,531,1773.3,True,True,True,True,False,True,22.4,UET/PET,5000,110,Low (<1L),North,5,6
Jawaharlal Nehru University,New Delhi,Delhi,Government,1969,56.0,A++,63,305.0,8.2,34369.0,137696,True,80.7,5.32,30.96,49,1105.4,True,False,True,True,True,True,30.5,JNUEE,2500,57,Low (<1L),North,5,6
University of Delhi,New Delhi,Delhi,Government,1922,66.0,A++,86,584.0,13.7,99319.0,135336,True,80.9,11.1,35.22,335,566.0,False,False,True,True,False,False,68.2,CUET,8000,104,Low (<1L),North,2,6
University of Hyderabad,Hyderabad,Telangana,Government,1974,64.0,A++,182,985.0,1.5,34198.0,68070,True,66.0,14.55,40.4,292,1869.6,True,True,True,True,True,True,16.6,CUET,1500,52,Low (<1L),South,6,6
Jadavpur University,Kolkata,West Bengal,Government,1955,4.0,A++,181,1057.0,1.9,293557.0,50701,False,90.7,33.51,186.8,234,1891.0,True,False,True,False,True,True,21.5,WBJEE,2000,71,Medium (1-5L),East,4,6
Anna University,Chennai,Tamil Nadu,Government,1978,42.0,A++,91,98.0,40.8,295526.0,128173,True,71.30000000000001,33.3,185.43,139,2321.5,True,True,True,True,True,True,24.8,TNEA,4000,48,Medium (1-5L),South,6,6
Savitribai Phule Pune University,Pune,Maharashtra,Government,1949,,A++,37,751.0,4.7,95079.0,142216,True,79.7,9.05,36.17,440,1674.8,True,False,True,True,True,False,14.6,Own Entrance,3500,77,Low (<1L),West,4,6
Presidency University Kolkata,Kolkata,West Bengal,Government,1817,222.0,A,178,320.0,1.6,49962.0,95866,True,67.7,7.44,38.65,332,922.0,False,False,False,False,False,True,17.0,CUET,500,209,Low (<1L),East,1,4
University of Calcutta,Kolkata,West Bengal,Government,1857,129.0,A,66,1115.0,3.6,28709.0,40237,True,67.5,3.56,19.23,579,378.9,True,True,False,False,True,True,24.3,CUET,4000,169,Low (<1L),East,4,4
University of Mumbai,Mumbai,Maharashtra,Government,1857,,A++,123,172.0,29.1,66897.0,63352,False,83.8,12.46,56.37,382,1752.5,True,False,True,True,False,True,38.8,Own Entrance,5000,169,Low (<1L),West,4,6
Cochin University of Science and Technology,Kochi,Kerala,Government,1971,126.0,A+,115,1180.0,1.0,85687.0,47431,False,80.0,8.48,26.5,571,322.7,False,False,False,True,False,False,68.6,CUSAT CAT,1200,55,Low (<1L),South,1,5
All India Institute of Medical Sciences Delhi,New Delhi,Delhi,Government,1956,116.0,A++,76,112.0,1.8,29790.0,34222,True,83.6,9.19,47.62,241,172.9,True,False,False,False,True,False,42.4,NEET UG,200,70,Low (<1L),North,2,6
Christian Medical College Vellore,Vellore,Tamil Nadu,Private,1900,,A++,51,698.0,0.2,534394.0,105690,True,71.1,9.38,33.98,563,556.5,True,True,True,True,True,True,22.4,NEET UG,150,126,High (>5L),South,6,6
Armed Forces Medical College,Pune,Maharashtra,Government,1948,112.0,A++,157,933.0,0.2,33920.0,135614,True,75.6,8.37,35.35,572,339.6,True,True,False,False,True,False,18.5,NEET UG,150,78,Low (<1L),West,3,6
Maulana Azad Medical College,New Delhi,Delhi,Government,1958,91.0,A++,69,111.0,2.3,88249.0,58444,True,76.0,13.69,50.18,224,2405.4,False,False,False,False,True,True,10.0,NEET UG,250,68,Low (<1L),North,2,6
King George Medical University,Lucknow,Uttar Pradesh,Government,1911,48.0,A+,109,496.0,0.5,27924.0,135226,True,87.6,9.69,52.7,350,1037.8,False,False,False,True,False,True,40.3,NEET UG,250,115,Low (<1L),North,2,5
Grant Medical College,Mumbai,Maharashtra,Government,1845,,A+,132,1084.0,0.2,59245.0,63728,True,82.6,9.89,49.77,202,1833.3,True,True,True,True,True,True,25.9,NEET UG,200,181,Low (<1L),West,6,5
Kasturba Medical College Manipal,Manipal,Karnataka,Private,1953,94.0,A++,19,104.0,2.4,706676.0,116413,True,68.2,4.05,17.94,572,1806.9,False,True,True,True,True,True,38.4,NEET UG,250,73,High (>5L),South,5,6
St Johns Medical College,Bangalore,Karnataka,Private,1963,,A+,38,144.0,1.0,436828.0,69318,True,73.5,10.78,51.62,445,951.3,False,True,True,False,False,False,39.6,NEET UG,150,63,Medium (1-5L),South,2,5
JIPMER Puducherry,Puducherry,Puducherry,Government,1823,,A++,154,654.0,0.3,89289.0,92324,True,71.2,14.24,69.71,63,452.5,False,True,True,True,False,True,59.8,NEET UG,200,203,Low (<1L),South,4,6
National Law School Bangalore,Bangalore,Karnataka,Government,1987,40.0,A++,40,189.0,0.6,257224.0,120349,True,95.1,23.52,139.01,477,584.2,True,True,True,True,True,True,7.2,CLAT,120,39,Medium (1-5L),South,6,6
NALSAR Hyderabad,Hyderabad,Telangana,Government,1998,,A++,93,90.0,1.1,98086.0,50221,True,82.0,8.17,23.47,485,903.0,False,True,False,False,False,False,20.3,CLAT,100,28,Low (<1L),South,1,6
National Law Institute University Bhopal,Bhopal,Madhya Pradesh,Government,1997,,A+,161,577.0,0.2,158477.0,80829,False,95.9,28.67,127.82,563,428.1,False,True,True,True,True,True,27.9,CLAT,100,29,Medium (1-5L),Central,5,5
West Bengal National University of Juridical Sciences,Kolkata,West Bengal,Government,1999,106.0,A+,99,858.0,0.1,75012.0,44021,False,68.1,5.07,19.7,480,840.2,False,False,True,True,True,True,57.5,CLAT,100,27,Low (<1L),East,4,5
National Law University Delhi,New Delhi,Delhi,Government,2008,,A+,166,489.0,0.2,148580.0,66739,True,96.4,21.04,60.99,588,453.9,False,True,True,True,True,True,54.2,AILET,120,18,Medium (1-5L),North,5,5
Gujarat National Law University,Gandhinagar,Gujarat,Government,2003,,A,194,816.0,0.1,182805.0,143984,True,94.7,8.37,35.35,579,1486.6,True,False,True,False,False,True,64.2,CLAT,100,23,Medium (1-5L),West,3,4
Rajiv Gandhi National University of Law,Patiala,Punjab,Government,2006,121.0,A,53,1104.0,0.1,43044.0,120133,False,57.3,5.23,20.23,383,2494.3,False,False,True,True,False,False,34.8,CLAT,80,20,Low (<1L),North,2,4
Indian Institute of Management Ahmedabad,Ahmedabad,Gujarat,Government,1961,61.0,A++,180,782.0,0.5,44843.0,69356,False,66.0,12.11,31.23,141,1694.5,False,True,True,True,True,True,13.2,CAT,400,65,Low (<1L),West,5,6
Indian Institute of Management Bangalore,Bangalore,Karnataka,Government,1973,,A++,152,288.0,1.6,41972.0,66483,True,82.3,13.09,35.59,221,917.7,False,True,True,False,True,True,15.4,CAT,450,53,Low (<1L),South,4,6
Indian Institute of Management Calcutta,Kolkata,West Bengal,Government,1961,149.0,A++,123,865.0,0.6,63929.0,120890,False,68.3,8.88,40.74,220,1219.2,False,False,True,True,False,True,38.5,CAT,480,65,Low (<1L),East,3,6
Indian Institute of Management Lucknow,Lucknow,Uttar Pradesh,Government,1984,67.0,A++,140,989.0,0.5,88607.0,96248,False,80.0,9.09,38.37,201,211.3,False,False,True,True,True,False,4.1,CAT,450,42,Low (<1L),North,3,6
Indian Institute of Management Kozhikode,Kozhikode,Kerala,Government,1996,126.0,A++,154,983.0,0.4,86186.0,137909,True,87.8,10.42,53.65,253,2474.5,True,True,False,True,False,False,9.0,CAT,400,30,Low (<1L),South,3,6
Indian Institute of Management Indore,Indore,Madhya Pradesh,Government,1996,120.0,A++,30,503.0,1.1,97938.0,86120,True,68.8,6.39,20.6,389,1333.0,True,True,True,True,False,True,42.6,CAT,550,30,Low (<1L),Central,5,6
Faculty of Management Studies Delhi,New Delhi,Delhi,Government,1954,,A++,130,848.0,0.3,66472.0,94154,True,68.3,11.32,53.17,107,1585.9,True,True,True,True,True,True,61.8,CAT,220,72,Low (<1L),North,6,6
XLRI Jamshedpur,Jamshedpur,Jharkhand,Private,1949,2.0,A++,189,783.0,0.4,1094737.0,74270,True,89.9,12.61,69.15,79,119.6,True,False,True,False,False,False,44.6,XAT,300,77,High (>5L),East,2,6
SP Jain Institute of Management,Mumbai,Maharashtra,Private,1981,84.0,A++,28,596.0,1.5,297874.0,115798,True,64.7,4.66,22.49,435,1565.9,True,True,False,False,True,False,51.4,CAT/XAT,300,45,Medium (1-5L),West,3,6
Management Development Institute,Gurugram,Haryana,Private,1973,134.0,A++,41,289.0,1.2,642828.0,120968,False,58.6,4.57,17.55,350,922.1,True,True,True,False,False,False,22.3,CAT,350,53,High (>5L),North,3,6
Indian School of Business,Hyderabad,Telangana,Private,2001,6.0,A++,104,866.0,1.0,955595.0,41362,True,96.1,12.8,37.52,469,789.7,True,True,False,True,False,True,11.5,GMAT/GRE,900,25,High (>5L),South,4,6
NMIMS Mumbai,Mumbai,Maharashtra,Deemed,1981,24.0,A++,107,104.0,14.4,536440.0,61599,False,85.0,16.32,70.98,354,334.3,True,True,True,True,False,True,60.5,NMAT,1500,45,High (>5L),West,5,6
Christ University,Bangalore,Karnataka,Deemed,1969,60.0,A++,115,749.0,4.7,191430.0,97017,True,75.8,9.83,29.92,97,778.9,False,True,False,False,True,False,31.7,CUET,3500,57,Medium (1-5L),South,2,6
Symbiosis Centre for Management,Pune,Maharashtra,Deemed,1993,143.0,A+,57,610.0,1.3,235895.0,95065,True,76.7,6.9,36.16,410,321.7,True,False,False,True,False,False,55.1,SNAP,800,33,Medium (1-5L),West,2,5
Great Lakes Institute of Management,Chennai,Tamil Nadu,Private,2004,,A,73,316.0,1.3,397211.0,51873,True,46.0,3.65,10.44,551,11.4,False,False,True,False,False,False,60.4,CAT/XAT,400,22,Medium (1-5L),South,1,4
MICA Ahmedabad,Ahmedabad,Gujarat,Private,1991,38.0,A+,60,187.0,1.1,535476.0,65554,True,77.3,8.57,25.01,258,2011.8,True,True,True,True,True,True,68.7,MICAT,200,35,High (>5L),West,6,5
St Stephens College,New Delhi,Delhi,Private,1881,72.0,A++,74,128.0,9.4,773108.0,129677,True,76.5,5.2,29.97,584,869.3,False,True,False,True,False,False,59.1,CUET,1200,145,High (>5L),North,2,6
Lady Shri Ram College,New Delhi,Delhi,Private,1956,80.0,A++,132,842.0,1.8,297545.0,35754,True,79.9,11.18,48.29,116,1454.0,True,False,True,False,True,True,36.4,CUET,1500,70,Medium (1-5L),North,4,6
Loyola College Chennai,Chennai,Tamil Nadu,Autonomous,1925,98.0,A++,54,303.0,9.9,121291.0,60619,True,47.2,4.22,22.07,138,415.1,True,True,True,True,True,True,33.7,Own Entrance,3000,101,Medium (1-5L),South,6,6
Fergusson College,Pune,Maharashtra,Autonomous,1885,132.0,A+,130,908.0,2.8,62832.0,118759,True,54.0,7.92,24.62,599,1871.5,True,True,True,False,True,False,19.0,Own Entrance,2500,141,Low (<1L),West,4,5
Madras Christian College,Chennai,Tamil Nadu,Autonomous,1837,85.0,A+,46,759.0,2.6,66900.0,55919,False,72.1,5.66,16.7,73,2356.0,True,True,True,True,False,True,5.4,Own Entrance,2000,189,Low (<1L),South,5,5
St Xaviers College Mumbai,Mumbai,Maharashtra,Autonomous,1869,32.0,A++,179,488.0,6.1,194359.0,92787,True,46.8,4.68,13.95,568,626.6,False,False,True,True,True,False,69.6,Own Entrance,3000,157,Medium (1-5L),West,3,6
Hindu College Delhi,New Delhi,Delhi,Government,1899,147.0,A++,40,406.0,4.9,76824.0,99393,True,73.2,10.84,35.93,283,1643.9,False,False,False,False,True,True,20.1,CUET,2000,127,Low (<1L),North,2,6
Ramjas College Delhi,New Delhi,Delhi,Government,1917,,A+,153,1088.0,1.4,61095.0,104403,True,78.0,10.63,33.58,346,443.0,True,True,True,True,True,True,4.6,CUET,1500,109,Low (<1L),North,6,5
Hansraj College Delhi,New Delhi,Delhi,Government,1948,111.0,A+,97,698.0,2.1,63967.0,122345,True,86.7,8.96,25.57,169,2439.8,False,True,True,True,True,True,51.8,CUET,1500,78,Low (<1L),North,5,5
Miranda House Delhi,New Delhi,Delhi,Government,1948,60.0,A++,178,532.0,2.3,89381.0,34244,True,69.2,8.18,43.61,136,2342.0,True,True,True,False,False,True,11.6,CUET,1200,78,Low (<1L),North,4,6
National Institute of Design Ahmedabad,Ahmedabad,Gujarat,Government,1961,58.0,A++,40,848.0,0.2,36802.0,145939,True,74.5,13.82,51.54,520,1972.9,True,True,False,True,False,False,41.3,NID DAT,200,65,Low (<1L),West,3,6
National Institute of Fashion Technology Delhi,New Delhi,Delhi,Government,1986,,A+,125,143.0,2.8,27203.0,74295,True,78.7,11.14,46.67,198,1520.3,True,True,True,True,True,True,31.5,NIFT,400,40,Low (<1L),North,6,5
School of Planning and Architecture Delhi,New Delhi,Delhi,Government,1941,92.0,A+,35,677.0,0.3,44843.0,108671,False,76.0,5.97,19.25,514,2110.2,False,True,True,False,False,True,23.0,NATA/JEE,200,85,Low (<1L),North,3,5
IIT Bombay IDC School of Design,Mumbai,Maharashtra,Government,1969,27.0,A++,165,927.0,0.1,232575.0,117486,True,86.4,27.37,145.84,262,1386.2,True,True,False,True,True,True,59.2,CEED,100,57,Medium (1-5L),West,5,6
Srishti Manipal Institute of Art,Bangalore,Karnataka,Private,1996,170.0,A,96,608.0,0.8,328271.0,56465,True,64.9,5.32,28.83,98,222.1,True,True,True,True,True,True,39.8,SUAT,500,30,Medium (1-5L),South,6,4
College of Engineering Pune,Pune,Maharashtra,Government,1854,80.0,A+,118,644.0,1.9,65206.0,115824,True,76.2,11.09,29.18,177,1547.5,True,False,True,True,True,False,48.3,MHT CET,1200,172,Low (<1L),West,4,5
PEC Chandigarh,Chandigarh,Chandigarh,Government,1921,127.0,A+,63,262.0,3.1,73079.0,131453,True,84.0,7.69,30.44,482,532.4,True,True,True,True,True,True,58.0,JEE Main,800,105,Low (<1L),North,6,5
Netaji Subhas University of Technology,New Delhi,Delhi,Government,1983,141.0,A+,189,333.0,3.0,41097.0,65910,True,73.5,9.64,37.49,61,608.6,True,True,True,True,True,True,35.2,JEE Main,1000,43,Low (<1L),North,6,5
Delhi Technological University,New Delhi,Delhi,Government,1941,46.0,A++,168,434.0,2.8,254551.0,130607,False,71.30000000000001,22.9,67.85,38,563.3,False,False,True,True,True,False,43.4,JEE Main,1200,85,Medium (1-5L),North,3,6
International Institute of Information Technology Hyderabad,Hyderabad,Telangana,Deemed,1998,144.0,A++,85,768.0,0.8,461307.0,109829,True,57.9,7.95,33.28,362,2154.4,True,True,True,False,True,False,19.8,JEE Main,600,28,Medium (1-5L),South,4,6
Institute of Chemical Technology Mumbai,Mumbai,Maharashtra,Deemed,1933,138.0,A++,178,1174.0,0.4,521232.0,104978,True,72.8,5.73,28.63,517,2266.8,False,True,True,True,False,False,47.7,MHT CET,500,93,High (>5L),West,3,6
Birla Vishvakarma Mahavidyalaya,Anand,Gujarat,Autonomous,1948,90.0,A+,99,941.0,0.9,221556.0,41704,True,51.7,4.34,24.09,410,655.1,False,False,False,False,False,True,22.0,ACPC,800,78,Medium (1-5L),West,1,5
VJTI Mumbai,Mumbai,Maharashtra,Government,1887,,A+,51,1017.0,0.8,34762.0,48004,True,87.8,8.43,50.2,353,2156.7,True,True,True,False,False,True,14.3,MHT CET,800,139,Low (<1L),West,4,5
Sardar Vallabhbhai National Institute of Technology Surat,Surat,Gujarat,Government,1961,61.0,A+,97,108.0,8.3,77573.0,80242,True,65.1,10.34,52.29,573,480.5,False,True,True,True,False,True,48.0,JEE Main,900,65,Low (<1L),West,4,5
Malaviya National Institute of Technology Jaipur,Jaipur,Rajasthan,Government,1963,,A+,118,417.0,2.0,32536.0,74922,True,87.9,9.9,50.74,49,574.9,False,True,True,False,False,True,51.4,JEE Main,850,63,Low (<1L),North,3,5
National Institute of Technology Kurukshetra,Kurukshetra,Haryana,Government,1963,277.0,A,112,989.0,0.8,12085.0,115664,True,65.1,3.24,9.41,156,1370.5,False,True,False,True,False,False,34.3,JEE Main,750,63,Low (<1L),North,2,4
National Institute of Technology Meghalaya,Shillong,Meghalaya,Government,2010,240.0,B++,148,618.0,0.5,23527.0,44943,True,63.5,5.49,25.43,236,898.0,True,False,False,True,True,True,29.9,JEE Main,300,16,Low (<1L),Northeast,4,3
Indian Institute of Engineering Science and Technology,Howrah,West Bengal,Government,1856,42.0,A+,89,160.0,6.2,53800.0,64619,True,75.7,6.0,18.67,398,2005.0,True,False,True,False,False,False,23.3,WBJEE,1000,170,Low (<1L),East,2,5
Amrita Vishwa Vidyapeetham,Coimbatore,Tamil Nadu,Deemed,2003,44.0,A++,191,869.0,3.5,245876.0,44920,False,61.2,9.76,33.69,519,2000.7,True,True,True,False,False,False,46.1,AEEE,3000,23,Medium (1-5L),South,3,6
Hindustan Institute of Technology,Chennai,Tamil Nadu,Deemed,1985,234.0,A,31,174.0,10.3,344269.0,93318,True,75.8,4.23,16.66,297,1639.2,True,True,True,True,True,True,2.8,HITSEEE,1800,41,Medium (1-5L),South,6,4
Sathyabama Institute of Science and Technology,Chennai,Tamil Nadu,Deemed,1987,88.0,A+,72,1118.0,2.2,344269.0,94441,False,59.0,5.65,19.63,593,1610.1,True,True,False,True,True,True,29.4,Own Entrance,2500,39,Medium (1-5L),South,5,5
Koneru Lakshmaiah Education Foundation,Guntur,Andhra Pradesh,Deemed,1980,106.0,A++,28,824.0,2.4,416515.0,103706,True,55.8,7.86,45.79,258,2111.6,True,True,True,True,True,True,24.6,KLEEE,2000,46,Medium (1-5L),South,6,6
SR University,Warangal,Telangana,Private,2018,293.0,A,70,884.0,0.7,391510.5,63330,False,53.3,3.34,19.22,498,2062.3,True,True,False,True,False,True,15.0,Own Entrance,600,8,Medium (1-5L),South,4,4
Sharda University,Greater Noida,Uttar Pradesh,Private,2009,147.0,A+,183,873.0,2.9,385810.0,120677,True,70.6,9.84,29.02,359,1262.8,False,False,True,True,True,False,28.2,Own Entrance,2500,17,Medium (1-5L),North,3,5
GD Goenka University,Gurugram,Haryana,Private,2013,129.0,A,196,351.0,2.3,391510.5,111810,True,56.4,5.59,32.0,212,1262.2,True,False,False,True,True,True,49.2,Own Entrance,800,13,Medium (1-5L),North,4,4
Jain University,Bangalore,Karnataka,Deemed,1990,,A++,67,684.0,4.4,300269.0,119573,False,57.0,8.96,44.06,584,85.6,True,True,True,True,True,True,57.4,SET,3000,36,Medium (1-5L),South,6,6
MS Ramaiah Institute of Technology,Bangalore,Karnataka,Autonomous,1962,54.0,A+,165,833.0,1.7,212676.0,143881,False,68.4,8.22,44.43,589,1847.4,True,True,True,False,True,True,15.4,KCET,1400,64,Medium (1-5L),South,5,5
RV College of Engineering,Bangalore,Karnataka,Autonomous,1963,58.0,A++,140,696.0,2.6,90581.0,35235,True,49.6,4.94,13.23,593,898.4,False,True,True,False,False,True,55.3,KCET,1800,63,Low (<1L),South,3,6
New Horizon College of Engineering,Bangalore,Karnataka,Autonomous,2001,259.0,A,44,98.0,12.2,127708.0,99533,True,59.2,6.37,32.69,384,1116.9,True,True,False,True,False,False,63.5,KCET,1200,25,Medium (1-5L),South,3,4
Dayananda Sagar College of Engineering,Bangalore,Karnataka,Autonomous,1979,110.0,A+,57,276.0,5.4,127708.0,147739,True,64.5,4.92,13.72,580,1335.3,False,True,False,False,True,False,44.6,KCET,1500,47,Medium (1-5L),South,2,5
PES University,Bangalore,Karnataka,Private,1972,,A+,114,914.0,2.7,464144.0,103149,True,56.9,10.57,60.13,491,1577.4,True,True,False,False,False,True,31.4,PESSAT,2500,54,Medium (1-5L),South,3,5
CMR Institute of Technology,Bangalore,Karnataka,Autonomous,2000,175.0,B++,71,1172.0,0.7,127708.0,79992,True,56.9,6.96,28.95,169,1868.2,True,False,True,True,False,False,56.2,KCET,800,26,Medium (1-5L),South,3,3
Woxsen University,Hyderabad,Telangana,Private,2014,,A,62,409.0,1.5,280277.0,57752,True,47.4,5.41,23.23,256,1544.1,True,True,True,True,True,True,19.2,Own Test,600,12,Medium (1-5L),South,6,4
National Institute of Pharmaceutical Education and Research Mohali,Mohali,Punjab,Government,1998,121.0,A++,95,826.0,0.2,74067.0,73036,True,79.2,8.06,36.63,468,425.8,False,False,True,True,True,True,23.3,NIPER JEE,150,28,Low (<1L),North,4,6
Jamia Hamdard,New Delhi,Delhi,Deemed,1989,57.0,A+,144,118.0,8.5,288010.0,126147,True,74.8,4.0,11.06,61,2032.5,False,False,False,True,False,False,41.4,Own Entrance,1000,37,Medium (1-5L),North,1,5
Manipal College of Pharmaceutical Sciences,Manipal,Karnataka,Private,1963,114.0,A+,146,419.0,1.0,735205.0,41869,True,65.7,8.02,38.65,173,1118.3,True,False,False,False,True,False,14.2,MET,400,63,High (>5L),South,2,5
JSS College of Pharmacy,Mysore,Karnataka,Deemed,1980,104.0,A++,195,291.0,1.0,396244.0,89591,True,74.7,3.76,17.93,563,1585.7,False,True,True,True,True,True,20.6,Own Entrance,300,46,Medium (1-5L),South,5,6
Bombay College of Pharmacy,Mumbai,Maharashtra,Government,1957,,A+,62,387.0,0.5,72658.0,51706,True,70.3,10.15,35.35,191,908.7,False,True,False,False,False,True,50.8,MHT CET,200,69,Low (<1L),West,2,5
Indian Agricultural Research Institute,New Delhi,Delhi,Government,1905,,A++,147,448.0,0.7,82193.0,35136,True,85.5,6.47,19.94,445,1500.4,False,True,True,False,True,True,40.3,ICAR AIEEA,300,121,Low (<1L),North,4,6
Tamil Nadu Agricultural University,Coimbatore,Tamil Nadu,Government,1971,83.0,A+,42,350.0,2.3,59914.0,89437,True,78.7,5.69,21.76,46,509.9,True,True,True,False,False,True,60.5,TNAU Entrance,800,55,Low (<1L),South,4,5
Punjab Agricultural University,Ludhiana,Punjab,Government,1962,124.0,A+,73,958.0,0.6,71557.0,98425,True,74.7,8.37,35.35,523,1974.9,True,True,True,True,True,True,27.9,Own Entrance,600,64,Low (<1L),North,6,5
GB Pant University of Agriculture,Pantnagar,Uttarakhand,Government,1960,56.0,A++,123,1177.0,0.4,62483.0,43970,False,68.6,11.52,39.03,404,1531.6,False,False,True,True,False,True,69.4,JRF,500,66,Low (<1L),North,3,6
Institute of Hotel Management Delhi,New Delhi,Delhi,Government,1962,,A+,56,186.0,1.6,36206.0,43143,True,69.9,9.01,33.2,428,2411.6,False,True,False,True,True,True,2.4,NCHM JEE,300,64,Low (<1L),North,4,5
Institute of Hotel Management Mumbai,Mumbai,Maharashtra,Government,1970,54.0,A+,17,979.0,0.3,93311.0,37531,True,86.8,13.2,62.58,236,2127.2,False,False,False,False,True,True,65.3,NCHM JEE,250,56,Low (<1L),West,2,5
Welcome Group Graduate School of Hotel Administration,Manipal,Karnataka,Private,1986,243.0,A,195,111.0,1.8,309418.0,76285,True,55.1,4.32,13.83,100,2298.3,True,True,True,True,True,True,39.4,MET,200,40,Medium (1-5L),South,6,4
Central University of Rajasthan,Ajmer,Rajasthan,Government,2009,223.0,A,101,578.0,1.0,42676.0,62786,True,60.8,7.83,35.01,499,1705.6,False,True,False,True,True,True,63.0,CUET,600,17,Low (<1L),North,4,4
Central University of Punjab,Bathinda,Punjab,Government,2009,291.0,B++,136,445.0,0.9,31144.0,118302,True,62.5,4.71,20.92,351,887.1,False,True,False,True,True,True,62.8,CUET,400,17,Low (<1L),North,4,3
Central University of Haryana,Mahendragarh,Haryana,Government,2009,247.0,B++,138,166.0,2.1,48478.0,94574,False,58.4,6.82,29.97,410,1553.6,True,False,True,True,True,False,35.5,CUET,350,17,Low (<1L),North,4,3
Central University of Kerala,Kasaragod,Kerala,Government,2009,240.0,A,112,511.0,0.8,12888.0,121520,True,55.5,4.58,11.58,133,817.0,False,False,True,True,True,True,43.7,CUET,400,17,Low (<1L),South,4,4
Central University of Tamil Nadu,Thiruvarur,Tamil Nadu,Government,2009,289.0,B++,157,562.0,0.5,42741.0,119916,True,46.9,3.5,12.06,472,2141.5,True,False,True,False,False,False,15.3,CUET,300,17,Low (<1L),South,2,3
Central University of Gujarat,Gandhinagar,Gujarat,Government,2009,165.0,A,100,1001.0,0.3,8934.0,58241,True,64.4,5.38,25.31,296,905.6,True,True,True,False,True,True,40.1,CUET,350,17,Low (<1L),West,5,4
Central University of Karnataka,Kalaburagi,Karnataka,Government,2009,158.0,B++,176,943.0,0.4,46399.0,48985,False,66.0,8.37,35.35,444,2123.0,False,False,True,True,True,True,6.9,CUET,350,17,Low (<1L),South,4,3
Central University of Jharkhand,Ranchi,Jharkhand,Government,2009,121.0,B+,155,1049.0,0.3,10247.0,57600,True,45.0,3.52,9.59,85,70.8,False,True,True,True,False,True,29.0,CUET,300,17,Low (<1L),East,4,2
Pondicherry University,Puducherry,Puducherry,Government,1985,52.0,A++,84,1187.0,0.7,61771.0,142770,True,86.1,8.37,35.35,591,1114.9,True,True,True,True,True,True,67.9,CUET,800,41,Low (<1L),South,6,6
Tezpur University,Tezpur,Assam,Government,1994,101.0,A,91,1057.0,0.5,23793.0,91498,True,56.1,6.44,27.19,39,1915.8,True,True,False,True,True,True,56.3,CUET,500,32,Low (<1L),Northeast,5,4
North Eastern Hill University,Shillong,Meghalaya,Government,1973,169.0,A,61,220.0,1.8,23656.0,114994,True,71.30000000000001,7.04,27.77,169,727.5,True,True,True,True,True,True,45.3,CUET,400,53,Low (<1L),Northeast,6,4
Mizoram University,Aizawl,Mizoram,Government,2001,149.0,A,29,379.0,0.8,29339.0,90776,True,60.9,3.16,8.79,302,1940.3,True,True,False,False,True,False,6.9,CUET,300,25,Low (<1L),Northeast,3,4
Nagaland University,Zunheboto,Nagaland,Government,1994,113.0,B++,46,1146.0,0.2,25454.0,72344,True,44.8,6.64,33.91,289,1205.7,True,True,True,False,True,False,22.3,CUET,200,32,Low (<1L),Northeast,4,3
Sikkim University,Gangtok,Sikkim,Government,2007,115.0,B++,190,267.0,0.9,44073.0,50315,True,51.1,3.45,10.53,376,2327.5,False,True,True,True,False,True,69.8,CUET,250,19,Low (<1L),Northeast,4,3
Tripura University,Agartala,Tripura,Government,1987,253.0,B++,63,1083.0,0.3,7587.0,93609,True,61.2,5.8,25.52,221,1361.3,True,True,True,True,True,True,24.0,CUET,350,39,Low (<1L),Northeast,6,3
Assam University,Silchar,Assam,Government,1994,,B++,171,395.0,1.0,40321.0,137354,False,51.6,5.62,23.84,319,809.9,True,True,True,True,True,False,45.6,CUET,400,32,Low (<1L),Northeast,5,3
Rajiv Gandhi University,Itanagar,Arunachal Pradesh,Government,1984,,B+,107,204.0,1.2,18679.0,115950,True,54.7,7.45,20.71,455,2056.0,True,True,True,True,True,True,56.0,CUET,250,42,Low (<1L),Northeast,6,2
Hemvati Nandan Bahuguna Garhwal University,Srinagar,Uttarakhand,Government,1973,268.0,A,41,954.0,0.5,11914.0,130438,True,59.2,4.79,19.67,200,1982.2,False,False,False,False,False,True,39.4,CUET,500,53,Low (<1L),North,1,4
Kumaun University,Nainital,Uttarakhand,Government,1973,104.0,B++,129,1006.0,0.4,29580.0,130362,False,56.5,6.72,25.27,436,5.5,True,True,True,True,True,True,4.4,CUET,400,53,Low (<1L),North,6,3
Gujarat University,Ahmedabad,Gujarat,Government,1949,134.0,A+,138,744.0,2.7,27046.0,104774,True,74.2,14.18,71.89,207,1223.2,True,False,False,True,False,True,63.1,Own Entrance,2000,77,Low (<1L),West,3,5
Osmania University,Hyderabad,Telangana,Government,1918,244.0,A,177,103.0,29.1,12899.0,144004,False,63.1,6.74,36.89,421,140.0,True,False,True,False,True,False,37.7,OUCET,3000,108,Low (<1L),South,3,4
Bangalore University,Bangalore,Karnataka,Government,1964,,A+,36,617.0,4.1,59062.0,40819,True,75.9,12.45,55.01,438,1257.0,False,False,False,False,True,False,54.6,Own Entrance,2500,62,Low (<1L),South,1,5
University of Madras,Chennai,Tamil Nadu,Government,1857,86.0,A++,93,129.0,23.3,70514.0,77876,True,73.0,8.37,35.35,203,2469.2,True,True,True,True,True,True,43.9,Own Entrance,3000,169,Low (<1L),South,6,6
University of Kerala,Thiruvananthapuram,Kerala,Government,1937,,A++,81,1151.0,1.7,17981.0,73499,True,69.8,10.38,33.35,591,1210.2,True,False,False,False,False,True,51.6,Own Entrance,2000,89,Low (<1L),South,2,6
Panjab University,Chandigarh,Chandigarh,Government,1882,78.0,A++,42,817.0,3.7,16092.0,38729,True,73.9,7.71,42.27,49,734.8,True,True,True,True,True,True,62.1,Own Entrance,3000,144,Low (<1L),North,6,6
University of Rajasthan,Jaipur,Rajasthan,Government,1947,134.0,A+,85,1106.0,2.3,61125.0,76580,False,79.4,7.36,43.6,93,1566.4,False,False,True,True,True,False,61.8,Own Entrance,2500,79,Low (<1L),North,3,5
Patna University,Patna,Bihar,Government,1917,275.0,A,129,754.0,2.7,19904.0,84700,True,47.2,3.76,22.17,585,333.8,False,False,True,True,False,True,46.4,Own Entrance,2000,109,Low (<1L),East,3,4
Ranchi University,Ranchi,Jharkhand,Government,1960,,B++,128,701.0,2.1,6932.0,130327,True,49.6,8.37,35.35,310,384.1,False,False,False,True,False,True,14.8,Own Entrance,1500,66,Low (<1L),East,2,3
Lucknow University,Lucknow,Uttar Pradesh,Government,1920,31.0,A+,136,1086.0,2.3,94260.0,91441,False,81.4,8.74,47.92,170,413.6,False,True,False,False,True,True,17.4,Own Entrance,2500,106,Low (<1L),North,3,5
University of Allahabad,Prayagraj,Uttar Pradesh,Government,1887,35.0,A+,149,1178.0,1.7,64856.0,124398,True,72.2,11.12,56.7,69,1304.0,True,True,False,False,False,False,32.7,CUET,2000,139,Low (<1L),North,2,5
Guru Nanak Dev University,Amritsar,Punjab,Government,1969,119.0,A++,38,1005.0,1.5,22149.0,120433,True,76.9,6.42,34.7,542,287.4,True,True,True,True,True,False,55.0,Own Entrance,1500,57,Low (<1L),North,5,6
Maharaja Sayajirao University of Baroda,Vadodara,Gujarat,Government,1949,146.0,A++,171,1127.0,2.2,73903.0,113109,False,73.3,10.24,39.37,193,949.8,True,False,True,False,True,True,27.9,Own Entrance,2500,77,Low (<1L),West,4,6
SNDT Womens University,Mumbai,Maharashtra,Government,1916,40.0,A+,75,1090.0,0.9,16600.0,90115,True,76.4,9.99,53.21,252,1474.2,True,True,True,True,True,True,34.3,Own Entrance,1000,110,Low (<1L),West,6,5
Bharathiar University,Coimbatore,Tamil Nadu,Government,1982,77.0,A+,131,443.0,3.4,69651.0,53363,False,68.7,7.84,37.74,398,2329.0,True,True,True,True,False,True,8.3,Own Entrance,1500,44,Low (<1L),South,5,5
Andhra University,Visakhapatnam,Andhra Pradesh,Government,1926,133.0,A,124,668.0,3.0,10745.0,93394,False,61.7,6.02,31.66,354,652.9,True,True,True,True,True,True,41.1,Own Entrance,2000,100,Low (<1L),South,6,4
Sri Venkateswara University,Tirupati,Andhra Pradesh,Government,1954,100.0,A+,191,492.0,3.0,58750.0,75829,True,77.9,11.38,28.9,318,639.8,True,True,False,True,False,True,6.6,Own Entrance,1500,72,Low (<1L),South,4,5
Mysore University,Mysore,Karnataka,Government,1916,136.0,A+,100,1179.0,1.7,19660.0,114626,True,68.1,6.55,26.93,503,1961.1,True,True,True,True,True,True,30.1,Own Entrance,2000,110,Low (<1L),South,6,5
Bharathidasan University,Tiruchirappalli,Tamil Nadu,Government,1982,77.0,A+,196,724.0,1.7,39560.0,108012,True,67.7,12.82,45.88,62,682.4,True,True,True,True,True,True,7.9,Own Entrance,1200,44,Low (<1L),South,6,5
Dibrugarh University,Dibrugarh,Assam,Government,1965,233.0,B++,188,1137.0,0.7,25339.0,131650,True,49.8,6.85,19.48,165,516.9,True,True,False,True,False,True,4.5,Own Entrance,800,61,Low (<1L),Northeast,4,3
Gauhati University,Guwahati,Assam,Government,1948,140.0,A,151,646.0,1.5,25456.0,113735,True,66.8,4.6,14.6,356,1933.1,True,True,True,True,True,True,47.6,Own Entrance,1000,78,Low (<1L),Northeast,6,4
Utkal University,Bhubaneswar,Odisha,Government,1943,106.0,A+,42,183.0,8.2,59399.0,100854,False,75.2,6.3,26.13,422,139.2,True,True,True,True,True,True,31.0,Own Entrance,1500,83,Low (<1L),East,6,5
Berhampur University,Berhampur,Odisha,Government,1967,107.0,B++,194,455.0,1.3,14418.0,142865,True,66.9,4.29,16.18,368,1973.0,False,True,True,False,False,False,62.0,Own Entrance,600,59,Low (<1L),East,2,3
Sambalpur University,Sambalpur,Odisha,Government,1967,223.0,B+,166,900.0,0.6,26356.0,102895,True,59.5,6.96,30.38,453,600.2,False,True,False,True,True,True,18.6,Own Entrance,500,59,Low (<1L),East,4,2
Kalyani University,Kalyani,West Bengal,Government,1960,,A,190,302.0,2.6,11399.0,137744,True,53.4,4.54,17.8,418,821.9,True,False,True,False,True,True,45.9,Own Entrance,800,66,Low (<1L),East,4,4
Visva-Bharati University,Santiniketan,West Bengal,Government,1921,175.0,A,37,785.0,1.3,49535.0,69917,True,67.6,8.37,35.35,38,1530.7,True,False,False,False,False,False,36.7,Own Entrance,1000,105,Low (<1L),East,1,4
Jammu University,Jammu,Jammu & Kashmir,Government,1969,83.0,A+,50,1052.0,1.0,65173.0,83219,True,73.8,10.45,50.36,222,1390.8,True,True,True,True,False,True,59.3,CUET,1000,57,Low (<1L),North,5,5
Kashmir University,Srinagar,Jammu & Kashmir,Government,1948,198.0,A,174,951.0,0.8,32253.0,142741,False,53.7,8.37,35.35,214,1138.7,True,False,True,True,True,True,30.8,CUET,800,78,Low (<1L),North,5,4
